,batting_team,date,opposition,inning,opposition_score,runs_scored,win,num_out,balls_faced,num_fours,num_sixes,num_dots,year,run_rate
0,Afghanistan,2010-02-01,Ireland,1,124.0,121.0,False,9.0,120,12,2,64,08-10,6.05
1,Afghanistan,2010-02-04,Canada,2,140.0,143.0,True,5.0,119,15,1,42,08-10,7.21008403361
2,Afghanistan,2010-02-09,Ireland,1,126.0,139.0,True,6.0,120,9,4,53,08-10,6.95
3,Afghanistan,2010-02-10,Scotland,1,117.0,131.0,True,6.0,120,5,3,51,08-10,6.55
4,Afghanistan,2010-02-12,Netherlands,1,132.0,128.0,False,9.0,120,5,3,44,08-10,6.4
5,Afghanistan,2010-02-13,Ireland,2,142.0,147.0,True,2.0,105,14,2,42,08-10,8.4
6,Afghanistan,2010-05-01,India,1,116.0,115.0,False,8.0,120,8,3,63,08-10,5.75
7,Afghanistan,2010-05-05,South Africa,2,139.0,80.0,False,10.0,96,3,5,74,08-10,5.0
8,Afghanistan,2012-03-14,Netherlands,2,149.0,150.0,True,6.0,118,17,1,42,11-13,7.62711864407
9,Afghanistan,2012-03-18,Canada,1,133.0,174.0,True,9.0,120,14,6,47,11-13,8.7
10,Afghanistan,2012-03-24,Ireland,1,156.0,152.0,False,7.0,120,10,7,49,11-13,7.6
11,Afghanistan,2012-09-19,India,2,159.0,136.0,False,10.0,117,12,4,58,11-13,6.97435897436
12,Afghanistan,2012-09-21,England,2,196.0,80.0,False,10.0,104,6,4,79,11-13,4.61538461538
13,Afghanistan,2013-03-03,Scotland,1,105.0,132.0,True,7.0,120,12,3,50,11-13,6.6
14,Afghanistan,2013-03-04,Scotland,2,139.0,140.0,True,3.0,105,12,3,49,11-13,8.0
15,Afghanistan,2013-09-30,Kenya,1,56.0,162.0,True,6.0,120,10,11,53,11-13,8.1
16,Afghanistan,2013-10-11,Kenya,2,149.0,115.0,False,8.0,120,7,4,70,11-13,5.75
17,Afghanistan,2013-11-16,Scotland,1,154.0,171.0,True,4.0,120,11,10,51,11-13,8.55
18,Afghanistan,2013-11-24,Kenya,1,114.0,143.0,True,7.0,114,10,4,40,11-13,7.52631578947
19,Afghanistan,2013-11-30,Ireland,2,225.0,157.0,False,10.0,113,17,9,59,11-13,8.33628318584
20,Afghanistan,2013-12-08,Pakistan,1,138.0,137.0,False,8.0,120,8,6,59,11-13,6.85
21,Afghanistan,2014-03-16,Bangladesh,1,78.0,72.0,False,10.0,103,6,1,74,14-16,4.19417475728
22,Afghanistan,2014-03-18,Hong Kong,2,153.0,154.0,True,3.0,108,12,6,42,14-16,8.55555555556
23,Afghanistan,2014-03-20,Nepal,2,141.0,132.0,False,8.0,120,13,2,55,14-16,6.6
24,Afghanistan,2015-07-09,Netherlands,1,130.0,162.0,True,6.0,120,6,10,45,14-16,8.1
25,Afghanistan,2015-07-10,United Arab Emirates,2,164.0,168.0,True,2.0,104,13,9,37,14-16,9.69230769231
26,Afghanistan,2015-07-12,Scotland,1,173.0,210.0,True,5.0,120,9,17,42,14-16,10.5
27,Afghanistan,2015-07-21,Hong Kong,1,162.0,161.0,False,6.0,120,16,6,52,14-16,8.05
28,Afghanistan,2015-07-23,Papua New Guinea,2,127.0,128.0,True,4.0,110,5,5,45,14-16,6.98181818182
29,Afghanistan,2015-07-25,Oman,2,121.0,130.0,True,5.0,113,12,3,66,14-16,6.90265486726
30,Afghanistan,2015-10-26,Zimbabwe,2,153.0,154.0,True,4.0,115,11,6,36,14-16,8.0347826087
31,Afghanistan,2015-10-28,Zimbabwe,2,190.0,191.0,True,5.0,119,18,4,40,14-16,9.63025210084
32,Afghanistan,2015-11-28,Hong Kong,1,149.0,162.0,True,6.0,120,11,8,50,14-16,8.1
33,Afghanistan,2015-11-29,Oman,1,121.0,159.0,True,8.0,120,18,4,54,14-16,7.95
34,Afghanistan,2015-11-30,Oman,1,148.0,160.0,True,4.0,120,13,5,41,14-16,8.0
35,Afghanistan,2016-01-08 00:00:00,Zimbabwe,1,182.0,187.0,True,5.0,120,13,12,54,14-16,9.35
36,Afghanistan,2016-01-10 00:00:00,Zimbabwe,1,134.0,215.0,True,6.0,120,15,13,51,14-16,10.75
37,Afghanistan,2016-02-19 00:00:00,United Arab Emirates,2,176.0,160.0,False,10.0,119,13,4,41,14-16,8.06722689076
38,Afghanistan,2016-02-20 00:00:00,Oman,2,165.0,168.0,True,7.0,117,18,3,35,14-16,8.61538461538
39,Afghanistan,2016-02-22 00:00:00,Hong Kong,1,112.0,178.0,True,5.0,120,12,10,50,14-16,8.9
40,Australia,2005-02-17,New Zealand,1,170.0,214.0,True,4.0,120,15,12,35,05-07,10.7
41,Australia,2005-06-13,England,2,179.0,79.0,False,10.0,87,10,0,55,05-07,5.44827586207
42,Australia,2006-01-09,South Africa,1,114.0,210.0,True,3.0,122,17,9,41,05-07,10.3278688525
43,Australia,2006-02-24,South Africa,2,201.0,199.0,False,7.0,120,16,9,43,05-07,9.95
44,Australia,2007-01-09,England,1,144.0,221.0,True,5.0,120,15,14,39,05-07,11.05
45,Australia,2007-09-12,Zimbabwe,1,139.0,138.0,False,9.0,120,11,3,59,05-07,6.9
46,Australia,2007-09-14,England,2,135.0,136.0,True,2.0,89,17,3,30,05-07,9.16853932584
47,Australia,2007-09-16,Bangladesh,2,123.0,124.0,True,1.0,83,10,7,33,05-07,8.96385542169
48,Australia,2007-09-18,Pakistan,1,165.0,164.0,False,6.0,120,19,1,41,05-07,8.2
49,Australia,2007-09-20,Sri Lanka,2,101.0,102.0,True,0.0,62,11,2,23,05-07,9.87096774194
50,Australia,2007-09-22,India,2,188.0,173.0,False,7.0,120,10,10,55,05-07,8.65
51,Australia,2007-10-20,India,1,167.0,166.0,False,5.0,120,20,2,47,05-07,8.3
52,Australia,2007-12-11,New Zealand,1,132.0,186.0,True,6.0,120,18,5,39,05-07,9.3
53,Australia,2008-02-01,India,2,74.0,75.0,True,1.0,69,4,2,34,08-10,6.52173913043
54,Australia,2008-06-20,West Indies,1,102.0,97.0,False,3.0,66,9,4,29,08-10,8.81818181818
55,Australia,2009-01-11,South Africa,1,130.0,182.0,True,9.0,120,12,8,42,08-10,9.1
56,Australia,2009-01-13,South Africa,2,157.0,161.0,True,4.0,113,14,4,42,08-10,8.54867256637
57,Australia,2009-02-15,New Zealand,1,149.0,150.0,True,6.0,120,11,2,37,08-10,7.5
58,Australia,2009-03-27,South Africa,1,168.0,166.0,False,7.0,120,11,8,48,08-10,8.3
59,Australia,2009-03-29,South Africa,2,156.0,139.0,False,8.0,120,9,5,58,08-10,6.95
60,Australia,2009-05-07,Pakistan,1,109.0,108.0,False,10.0,119,9,0,61,08-10,5.44537815126
61,Australia,2009-06-06,West Indies,1,172.0,169.0,False,5.0,120,12,6,55,08-10,8.45
62,Australia,2009-06-08,Sri Lanka,1,160.0,159.0,False,9.0,120,14,7,56,08-10,7.95
63,Australia,2010-02-05,Pakistan,1,125.0,127.0,True,8.0,112,6,3,39,08-10,6.80357142857
64,Australia,2010-02-21,West Indies,1,141.0,179.0,True,8.0,120,13,8,39,08-10,8.95
65,Australia,2010-02-23,West Indies,2,138.0,142.0,True,2.0,70,11,11,29,08-10,12.1714285714
66,Australia,2010-02-26,New Zealand,2,118.0,119.0,True,4.0,96,13,2,48,08-10,7.4375
67,Australia,2010-02-28,New Zealand,2,214.0,214.0,False,4.0,120,19,10,29,08-10,10.7
68,Australia,2010-05-02,Pakistan,1,157.0,191.0,True,9.0,120,14,11,45,08-10,9.55
69,Australia,2010-05-05,Bangladesh,1,114.0,141.0,True,7.0,120,7,5,46,08-10,7.05
70,Australia,2010-05-07,India,1,135.0,184.0,True,4.0,120,6,16,43,08-10,9.2
71,Australia,2010-05-09,Sri Lanka,1,87.0,168.0,True,4.0,120,14,7,46,08-10,8.4
72,Australia,2010-05-11,West Indies,2,105.0,109.0,True,4.0,99,10,1,45,08-10,6.60606060606
73,Australia,2010-05-14,Pakistan,2,191.0,197.0,True,7.0,120,11,14,52,08-10,9.85
74,Australia,2010-05-16,England,1,148.0,147.0,False,5.0,120,10,3,44,08-10,7.35
75,Australia,2010-07-05,Pakistan,2,167.0,144.0,False,10.0,112,16,3,51,08-10,7.71428571429
76,Australia,2010-07-06,Pakistan,2,162.0,151.0,False,10.0,118,19,1,48,08-10,7.67796610169
77,Australia,2010-10-31,Sri Lanka,1,135.0,133.0,False,8.0,120,10,3,53,08-10,6.65
78,Australia,2011-01-12,England,1,158.0,157.0,False,4.0,120,14,4,45,11-13,7.85
79,Australia,2011-01-14,England,1,143.0,147.0,True,7.0,120,9,5,48,11-13,7.35
80,Australia,2011-08-06,Sri Lanka,2,198.0,163.0,False,8.0,120,12,6,51,11-13,8.15
81,Australia,2011-08-08,Sri Lanka,2,157.0,149.0,False,9.0,120,10,8,59,11-13,7.45
82,Australia,2011-10-13,South Africa,2,146.0,147.0,True,5.0,117,12,4,50,11-13,7.53846153846
83,Australia,2011-10-16,South Africa,1,148.0,147.0,False,8.0,120,8,8,57,11-13,7.35
84,Australia,2012-02-01,India,1,140.0,171.0,True,4.0,120,9,9,43,11-13,8.55
85,Australia,2012-02-03,India,1,135.0,131.0,False,10.0,118,13,2,53,11-13,6.66101694915
86,Australia,2012-03-27,West Indies,2,150.0,153.0,True,2.0,109,11,8,43,11-13,8.42201834862
87,Australia,2012-03-30,West Indies,2,160.0,146.0,False,9.0,120,9,8,53,11-13,7.3
88,Australia,2012-09-05,Pakistan,1,90.0,89.0,False,10.0,117,3,0,61,11-13,4.5641025641
89,Australia,2012-09-07,Pakistan,2,151.0,151.0,False,8.0,120,10,8,46,11-13,7.55
90,Australia,2012-09-10,Pakistan,1,74.0,168.0,True,7.0,120,6,12,55,11-13,8.4
91,Australia,2012-09-19,Ireland,2,123.0,125.0,True,3.0,91,13,3,44,11-13,8.24175824176
92,Australia,2012-09-22,West Indies,2,191.0,100.0,False,1.0,55,8,6,17,11-13,10.9090909091
93,Australia,2012-09-28,India,2,140.0,141.0,True,1.0,89,9,10,42,11-13,9.50561797753
94,Australia,2012-09-30,South Africa,2,146.0,147.0,True,2.0,106,13,5,41,11-13,8.32075471698
95,Australia,2012-10-02,Pakistan,2,149.0,117.0,False,7.0,120,8,3,48,11-13,5.85
96,Australia,2012-10-05,West Indies,2,205.0,131.0,False,10.0,100,12,4,46,11-13,7.86
97,Australia,2013-01-26,Sri Lanka,1,139.0,137.0,False,3.0,120,5,4,39,11-13,6.85
98,Australia,2013-01-28,Sri Lanka,2,161.0,119.0,False,3.0,90,10,2,32,11-13,7.93333333333
99,Australia,2013-02-13,West Indies,2,191.0,164.0,False,8.0,120,5,8,38,11-13,8.2
100,Australia,2013-08-29,England,1,209.0,248.0,True,6.0,120,19,18,35,11-13,12.4
101,Australia,2013-08-31,England,2,195.0,168.0,False,9.0,120,11,8,59,11-13,8.4
102,Australia,2013-10-10,India,1,202.0,201.0,False,7.0,120,24,7,41,11-13,10.05
103,Australia,2014-01-29,England,1,200.0,213.0,True,4.0,120,16,11,44,14-16,10.65
104,Australia,2014-01-31,England,2,130.0,131.0,True,2.0,89,18,3,34,14-16,8.83146067416
105,Australia,2014-02-02,England,1,111.0,195.0,True,6.0,120,12,13,48,14-16,9.75
106,Australia,2014-03-12,South Africa,2,80.0,81.0,True,7.0,41,7,4,13,14-16,11.8536585366
107,Australia,2014-03-14,South Africa,2,128.0,129.0,True,4.0,90,12,4,26,14-16,8.6
108,Australia,2014-03-23,Pakistan,2,191.0,175.0,False,10.0,120,16,8,48,14-16,8.75
109,Australia,2014-03-28,West Indies,1,179.0,178.0,False,8.0,120,15,7,52,14-16,8.9
110,Australia,2014-03-30,India,2,159.0,86.0,False,10.0,98,3,5,54,14-16,5.26530612245
111,Australia,2014-04-01,Bangladesh,2,153.0,158.0,True,3.0,105,16,8,45,14-16,9.02857142857
112,Australia,2014-10-05,Pakistan,2,96.0,97.0,True,4.0,84,9,3,45,14-16,6.92857142857
113,Australia,2014-11-05,South Africa,1,145.0,144.0,False,6.0,120,6,4,43,14-16,7.2
114,Australia,2014-11-07,South Africa,2,101.0,102.0,True,3.0,76,16,0,38,14-16,8.05263157895
115,Australia,2014-11-09,South Africa,2,145.0,146.0,True,8.0,119,9,6,56,14-16,7.36134453782
116,Australia,2015-08-31,England,2,182.0,177.0,False,8.0,120,17,5,41,14-16,8.85
117,Australia,2016-01-26 00:00:00,India,2,188.0,151.0,False,10.0,117,10,6,52,14-16,7.74358974359
118,Australia,2016-01-29 00:00:00,India,2,184.0,157.0,False,8.0,120,13,4,45,14-16,7.85
119,Australia,2016-01-31 00:00:00,India,1,200.0,197.0,False,5.0,120,16,7,39,14-16,9.85
120,Australia,2016-03-04 00:00:00,South Africa,1,158.0,157.0,False,8.0,120,11,8,53,14-16,7.85
121,Australia,2016-03-06 00:00:00,South Africa,2,204.0,205.0,True,5.0,120,17,9,50,14-16,10.25
122,Bangladesh,2007-09-01,Kenya,2,138.0,139.0,True,5.0,106,12,5,48,05-07,7.8679245283
123,Bangladesh,2007-09-02,Pakistan,2,191.0,161.0,False,7.0,120,15,6,51,05-07,8.05
124,Bangladesh,2007-09-13,West Indies,2,164.0,165.0,True,4.0,108,18,4,46,05-07,9.16666666667
125,Bangladesh,2007-09-15,South Africa,1,146.0,144.0,False,10.0,117,12,7,66,05-07,7.38461538462
126,Bangladesh,2007-09-16,Australia,1,124.0,123.0,False,8.0,120,9,1,65,05-07,6.15
127,Bangladesh,2007-09-18,Sri Lanka,2,147.0,83.0,False,10.0,96,7,1,48,05-07,5.1875
128,Bangladesh,2007-09-20,Pakistan,1,141.0,140.0,False,9.0,118,7,3,58,05-07,7.1186440678
129,Bangladesh,2008-04-20,Pakistan,2,203.0,101.0,False,10.0,96,5,3,51,08-10,6.3125
130,Bangladesh,2008-11-05,South Africa,2,118.0,109.0,False,8.0,84,14,0,44,08-10,7.78571428571
131,Bangladesh,2009-06-06,India,2,180.0,155.0,False,8.0,120,8,7,47,08-10,7.75
132,Bangladesh,2009-06-08,Ireland,1,138.0,137.0,False,8.0,120,8,3,46,08-10,6.85
133,Bangladesh,2009-08-02,West Indies,1,119.0,118.0,False,9.0,120,11,2,69,08-10,5.9
134,Bangladesh,2010-02-03,New Zealand,1,79.0,78.0,False,10.0,105,8,2,64,08-10,4.45714285714
135,Bangladesh,2010-05-01,Pakistan,2,172.0,151.0,False,7.0,120,11,5,52,08-10,7.55
136,Bangladesh,2010-05-05,Australia,2,141.0,114.0,False,10.0,112,5,5,64,08-10,6.10714285714
137,Bangladesh,2011-10-11,West Indies,2,132.0,135.0,True,7.0,119,10,3,52,11-13,6.80672268908
138,Bangladesh,2011-11-29,Pakistan,2,135.0,85.0,False,9.0,120,3,1,77,11-13,4.25
139,Bangladesh,2012-07-18,Ireland,1,119.0,190.0,True,5.0,120,16,7,40,11-13,9.5
140,Bangladesh,2012-07-20,Ireland,1,145.0,147.0,True,6.0,120,10,4,48,11-13,7.35
141,Bangladesh,2012-07-21,Ireland,2,140.0,139.0,False,8.0,120,11,6,59,11-13,6.95
142,Bangladesh,2012-07-24,Scotland,2,162.0,124.0,False,10.0,102,8,4,38,11-13,7.29411764706
143,Bangladesh,2012-07-25,Netherlands,2,144.0,145.0,True,2.0,108,10,7,40,11-13,8.05555555556
144,Bangladesh,2012-07-26,Netherlands,1,131.0,128.0,False,10.0,120,10,2,50,11-13,6.4
145,Bangladesh,2012-09-21,New Zealand,2,191.0,132.0,False,8.0,120,13,3,62,11-13,6.6
146,Bangladesh,2012-09-25,Pakistan,1,178.0,175.0,False,6.0,120,22,3,53,11-13,8.75
147,Bangladesh,2012-12-10,West Indies,2,197.0,179.0,False,1.0,120,16,7,36,11-13,8.95
148,Bangladesh,2013-03-31,Sri Lanka,2,198.0,181.0,False,7.0,120,16,5,39,11-13,9.05
149,Bangladesh,2013-05-11,Zimbabwe,2,168.0,162.0,False,8.0,120,16,5,50,11-13,8.1
150,Bangladesh,2013-05-12,Zimbabwe,1,134.0,168.0,True,6.0,119,19,2,51,11-13,8.47058823529
151,Bangladesh,2013-11-06,New Zealand,2,204.0,189.0,False,9.0,120,18,8,37,11-13,9.45
152,Bangladesh,2014-02-12,Sri Lanka,2,168.0,166.0,False,7.0,120,20,2,46,14-16,8.3
153,Bangladesh,2014-02-14,Sri Lanka,1,123.0,120.0,False,10.0,119,13,2,68,14-16,6.05042016807
154,Bangladesh,2014-03-16,Afghanistan,2,72.0,78.0,True,1.0,72,7,3,39,14-16,6.5
155,Bangladesh,2014-03-18,Nepal,2,126.0,132.0,True,2.0,93,9,8,36,14-16,8.51612903226
156,Bangladesh,2014-03-20,Hong Kong,1,114.0,108.0,False,10.0,99,12,1,46,14-16,6.54545454545
157,Bangladesh,2014-03-25,West Indies,2,171.0,98.0,False,10.0,115,10,1,61,14-16,5.11304347826
158,Bangladesh,2014-03-28,India,1,141.0,138.0,False,7.0,120,16,4,63,14-16,6.9
159,Bangladesh,2014-03-30,Pakistan,2,190.0,140.0,False,7.0,120,12,4,52,14-16,7.0
160,Bangladesh,2014-04-01,Australia,1,158.0,153.0,False,4.0,120,12,4,54,14-16,7.65
161,Bangladesh,2015-04-24,Pakistan,2,141.0,143.0,True,3.0,98,22,2,41,14-16,8.75510204082
162,Bangladesh,2015-07-05,South Africa,2,148.0,96.0,False,10.0,113,6,2,59,14-16,5.09734513274
163,Bangladesh,2015-07-07,South Africa,2,169.0,138.0,False,10.0,116,9,5,52,14-16,7.13793103448
164,Bangladesh,2015-11-13,Zimbabwe,2,131.0,136.0,True,6.0,106,13,2,46,14-16,7.69811320755
165,Bangladesh,2015-11-15,Zimbabwe,1,136.0,135.0,False,9.0,120,10,2,56,14-16,6.75
166,Bangladesh,2016-01-15 00:00:00,Zimbabwe,2,163.0,166.0,True,6.0,113,14,3,36,14-16,8.81415929204
167,Bangladesh,2016-01-17 00:00:00,Zimbabwe,1,125.0,167.0,True,4.0,120,11,8,48,14-16,8.35
168,Bangladesh,2016-01-20 00:00:00,Zimbabwe,2,187.0,156.0,False,6.0,120,19,2,51,14-16,7.8
169,Bangladesh,2016-01-22 00:00:00,Zimbabwe,2,180.0,162.0,False,10.0,114,14,7,51,14-16,8.52631578947
170,Bangladesh,2016-02-24 00:00:00,India,2,166.0,121.0,False,7.0,120,8,3,64,14-16,6.05
171,Bangladesh,2016-02-26 00:00:00,United Arab Emirates,1,82.0,133.0,True,8.0,120,8,5,54,14-16,6.65
172,Bangladesh,2016-02-28 00:00:00,Sri Lanka,1,124.0,147.0,True,7.0,120,15,4,51,14-16,7.35
173,Bangladesh,2016-03-02 00:00:00,Pakistan,2,129.0,131.0,True,5.0,115,10,3,52,14-16,6.8347826087
174,Bangladesh,2016-03-06 00:00:00,India,1,122.0,120.0,False,5.0,90,12,2,31,14-16,8.0
175,Bermuda,2008-08-03,Scotland,1,143.0,140.0,False,16.0,120,6,3,94,08-10,7.0
176,Bermuda,2008-08-05,Canada,1,71.0,70.0,False,10.0,120,1,0,84,08-10,3.5
177,Canada,2008-08-02,Netherlands,2,96.0,98.0,True,6.0,114,3,4,63,08-10,5.15789473684
178,Canada,2008-08-03,Kenya,1,92.0,91.0,False,9.0,118,5,0,61,08-10,4.62711864407
179,Canada,2008-08-05,Bermuda,2,70.0,71.0,True,2.0,64,7,1,34,08-10,6.65625
180,Canada,2008-10-10,Pakistan,2,137.0,102.0,False,9.0,120,5,5,84,08-10,5.1
181,Canada,2008-10-11,Zimbabwe,1,135.0,135.0,False,6.0,118,6,6,60,08-10,6.86440677966
182,Canada,2008-10-12,Sri Lanka,2,153.0,138.0,False,10.0,120,8,6,70,08-10,6.9
183,Canada,2008-10-13,Zimbabwe,2,184.0,75.0,False,10.0,116,6,2,82,08-10,3.87931034483
184,Canada,2010-02-03,Ireland,1,172.0,176.0,True,3.0,120,19,4,42,08-10,8.8
185,Canada,2010-02-04,Afghanistan,1,143.0,140.0,False,6.0,120,14,2,49,08-10,7.0
186,Canada,2010-02-09,Netherlands,1,146.0,142.0,False,7.0,120,11,1,43,08-10,7.1
187,Canada,2010-02-10,Kenya,1,141.0,138.0,False,9.0,120,8,4,46,08-10,6.9
188,Canada,2012-03-13,Netherlands,2,135.0,93.0,False,10.0,100,4,2,50,11-13,5.58
189,Canada,2012-03-18,Afghanistan,2,174.0,133.0,False,9.0,120,6,4,66,11-13,6.65
190,Canada,2012-03-22,Ireland,1,109.0,106.0,False,8.0,120,10,0,59,11-13,5.3
191,Canada,2012-03-23,Scotland,1,136.0,135.0,False,8.0,120,6,5,64,11-13,6.75
192,Canada,2013-03-15,Kenya,2,126.0,128.0,True,5.0,111,17,0,55,11-13,6.91891891892
193,Canada,2013-03-16,Kenya,2,139.0,118.0,False,11.0,113,12,0,44,11-13,6.26548672566
194,Canada,2013-11-16,Ireland,2,168.0,166.0,False,3.0,120,14,2,39,11-13,8.3
195,Canada,2013-11-26,Kenya,2,146.0,125.0,False,10.0,116,10,3,50,11-13,6.46551724138
196,England,2005-06-13,Australia,1,79.0,179.0,True,7.0,120,19,3,38,05-07,8.95
197,England,2006-06-15,Sri Lanka,2,163.0,161.0,False,5.0,120,17,1,47,05-07,8.05
198,England,2006-08-28,Pakistan,1,148.0,144.0,False,7.0,120,17,1,52,05-07,7.2
199,England,2007-01-09,Australia,2,221.0,144.0,False,9.0,120,13,1,52,05-07,7.2
200,England,2007-06-28,West Indies,2,208.0,193.0,False,7.0,120,14,6,35,05-07,9.65
201,England,2007-06-29,West Indies,2,169.0,173.0,True,5.0,118,18,1,48,05-07,8.79661016949
202,England,2007-09-13,Zimbabwe,1,138.0,188.0,True,8.0,120,13,9,38,05-07,9.4
203,England,2007-09-14,Australia,1,136.0,135.0,False,10.0,120,12,4,52,05-07,6.75
204,England,2007-09-16,South Africa,2,154.0,135.0,False,7.0,120,10,3,53,05-07,6.75
205,England,2007-09-18,New Zealand,2,164.0,159.0,False,8.0,120,11,5,34,05-07,7.95
206,England,2007-09-19,India,2,218.0,200.0,False,6.0,120,18,6,36,05-07,10.0
207,England,2008-02-05,New Zealand,1,152.0,184.0,True,8.0,120,18,8,40,08-10,9.2
208,England,2008-02-07,New Zealand,1,143.0,193.0,True,7.0,120,18,10,43,08-10,9.65
209,England,2008-06-13,New Zealand,2,123.0,127.0,True,1.0,105,19,1,46,08-10,7.25714285714
210,England,2009-03-15,West Indies,1,123.0,121.0,False,9.0,115,11,0,54,08-10,6.31304347826
211,England,2009-06-05,Netherlands,1,163.0,162.0,False,5.0,120,14,0,35,08-10,8.1
212,England,2009-06-07,Pakistan,1,137.0,185.0,True,5.0,120,18,6,48,08-10,9.25
213,England,2009-06-11,South Africa,1,114.0,111.0,False,9.0,119,10,2,68,08-10,5.59663865546
214,England,2009-06-14,India,1,150.0,153.0,True,7.0,120,12,2,53,08-10,7.65
215,England,2009-06-15,West Indies,1,82.0,161.0,True,6.0,120,13,2,36,08-10,8.05
216,England,2009-11-13,South Africa,1,127.0,202.0,True,6.0,120,16,9,45,08-10,10.1
217,England,2009-11-15,South Africa,2,241.0,157.0,False,8.0,120,13,6,44,08-10,7.85
218,England,2010-02-19,Pakistan,2,129.0,130.0,True,3.0,111,10,2,55,08-10,7.02702702703
219,England,2010-02-20,Pakistan,1,149.0,148.0,False,5.0,120,7,6,52,08-10,7.4
220,England,2010-05-03,West Indies,1,60.0,191.0,True,4.0,120,10,11,43,08-10,9.55
221,England,2010-05-06,Pakistan,2,147.0,151.0,True,4.0,117,16,4,51,08-10,7.74358974359
222,England,2010-05-08,South Africa,1,129.0,168.0,True,4.0,120,16,5,56,08-10,8.4
223,England,2010-05-10,New Zealand,2,149.0,153.0,True,7.0,115,16,3,44,08-10,7.98260869565
224,England,2010-05-13,Sri Lanka,2,128.0,132.0,True,3.0,96,12,5,39,08-10,8.25
225,England,2010-05-16,Australia,2,147.0,148.0,True,3.0,102,12,5,42,08-10,8.70588235294
226,England,2010-09-05,Pakistan,2,126.0,129.0,True,5.0,103,15,0,41,08-10,7.5145631068
227,England,2010-09-07,Pakistan,2,89.0,90.0,True,4.0,84,9,2,50,08-10,6.42857142857
228,England,2011-01-12,Australia,2,157.0,158.0,True,9.0,120,17,4,57,11-13,7.9
229,England,2011-01-14,Australia,2,147.0,143.0,False,6.0,120,7,1,41,11-13,7.15
230,England,2011-06-25,Sri Lanka,1,137.0,136.0,False,9.0,120,8,5,49,11-13,6.8
231,England,2011-08-31,India,2,165.0,169.0,True,4.0,117,19,2,44,11-13,8.66666666667
232,England,2011-09-23,West Indies,2,125.0,128.0,True,0.0,92,11,3,40,11-13,8.34782608696
233,England,2011-09-25,West Indies,2,113.0,88.0,False,10.0,100,8,1,57,11-13,5.28
234,England,2011-10-29,India,2,120.0,121.0,True,4.0,112,9,4,56,11-13,6.48214285714
235,England,2012-02-23,Pakistan,2,144.0,136.0,False,6.0,120,9,2,52,11-13,6.8
236,England,2012-02-25,Pakistan,1,112.0,150.0,True,6.0,120,14,3,49,11-13,7.5
237,England,2012-02-27,Pakistan,1,124.0,129.0,True,6.0,120,8,3,50,11-13,6.45
238,England,2012-06-24,West Indies,2,172.0,173.0,True,3.0,118,10,5,36,11-13,8.79661016949
239,England,2012-09-08,South Africa,1,119.0,118.0,False,7.0,120,11,1,55,11-13,5.9
240,England,2012-09-12,South Africa,1,90.0,118.0,True,4.0,66,7,6,27,11-13,10.7272727273
241,England,2012-09-21,Afghanistan,1,80.0,196.0,True,4.0,120,18,8,45,11-13,9.8
242,England,2012-09-23,India,2,170.0,80.0,False,10.0,88,8,3,53,11-13,5.45454545455
243,England,2012-09-27,West Indies,2,179.0,164.0,False,4.0,120,11,7,46,11-13,8.2
244,England,2012-09-29,New Zealand,2,148.0,149.0,True,4.0,113,10,6,46,11-13,7.91150442478
245,England,2012-10-01,Sri Lanka,2,169.0,150.0,False,9.0,120,14,4,53,11-13,7.5
246,England,2012-12-20,India,1,158.0,157.0,False,6.0,120,11,7,41,11-13,7.85
247,England,2012-12-22,India,2,177.0,181.0,True,4.0,120,17,6,43,11-13,9.05
248,England,2013-02-09,New Zealand,1,174.0,214.0,True,6.0,120,16,15,43,11-13,10.7
249,England,2013-02-12,New Zealand,2,192.0,137.0,False,10.0,117,20,2,60,11-13,7.02564102564
250,England,2013-02-15,New Zealand,2,139.0,143.0,True,0.0,76,10,9,23,11-13,11.2894736842
251,England,2013-06-25,New Zealand,2,201.0,196.0,False,5.0,120,17,7,45,11-13,9.8
252,England,2013-08-29,Australia,2,248.0,209.0,False,6.0,120,24,5,44,11-13,10.45
253,England,2013-08-31,Australia,1,168.0,195.0,True,5.0,120,20,6,38,11-13,9.75
254,England,2014-01-29,Australia,2,213.0,200.0,False,9.0,120,17,11,45,14-16,10.0
255,England,2014-01-31,Australia,1,131.0,130.0,False,9.0,120,15,0,59,14-16,6.5
256,England,2014-02-02,Australia,2,195.0,111.0,False,10.0,104,10,3,53,14-16,6.40384615385
257,England,2014-03-09,West Indies,2,170.0,143.0,False,9.0,120,17,2,49,14-16,7.15
258,England,2014-03-11,West Indies,1,155.0,152.0,False,7.0,120,9,6,39,14-16,7.6
259,England,2014-03-13,West Indies,1,160.0,165.0,True,6.0,120,14,8,54,14-16,8.25
260,England,2014-03-22,New Zealand,1,52.0,172.0,True,6.0,120,17,5,54,14-16,8.6
261,England,2014-03-27,Sri Lanka,2,189.0,190.0,True,4.0,116,20,8,43,14-16,9.8275862069
262,England,2014-03-29,South Africa,2,196.0,193.0,False,7.0,120,17,7,46,14-16,9.65
263,England,2014-03-31,Netherlands,2,133.0,88.0,False,10.0,106,4,0,51,14-16,4.98113207547
264,England,2014-05-20,Sri Lanka,2,183.0,174.0,False,7.0,120,18,3,49,14-16,8.7
265,England,2014-09-07,India,1,177.0,180.0,True,7.0,120,12,11,46,14-16,9.0
266,England,2015-06-23,New Zealand,1,135.0,191.0,True,7.0,120,18,6,36,14-16,9.55
267,England,2015-08-31,Australia,1,177.0,182.0,True,4.0,120,11,11,50,14-16,9.1
268,England,2015-11-26,Pakistan,1,146.0,160.0,True,4.0,120,16,4,47,14-16,8.0
269,England,2015-11-27,Pakistan,1,169.0,172.0,True,8.0,120,9,9,43,14-16,8.6
270,England,2015-11-30,Pakistan,1,154.0,154.0,False,7.0,120,9,6,55,14-16,7.7
271,England,2016-02-19 00:00:00,South Africa,1,135.0,134.0,False,6.0,120,13,2,54,14-16,6.7
272,England,2016-02-21 00:00:00,South Africa,1,172.0,171.0,False,10.0,118,9,11,54,14-16,8.69491525424
273,Hong Kong,2014-03-16,Nepal,2,149.0,69.0,False,10.0,102,7,0,62,14-16,4.05882352941
274,Hong Kong,2014-03-18,Afghanistan,1,154.0,153.0,False,7.0,120,14,4,61,14-16,7.65
275,Hong Kong,2014-03-20,Bangladesh,2,108.0,114.0,True,8.0,118,6,5,63,14-16,5.79661016949
276,Hong Kong,2014-11-24,Nepal,2,72.0,73.0,True,8.0,119,4,1,78,14-16,3.68067226891
277,Hong Kong,2015-07-15,Nepal,2,109.0,110.0,True,5.0,115,5,2,55,14-16,5.73913043478
278,Hong Kong,2015-07-17,Ireland,1,124.0,129.0,True,8.0,120,12,4,68,14-16,6.45
279,Hong Kong,2015-07-21,Afghanistan,2,161.0,162.0,True,5.0,120,10,7,53,14-16,8.1
280,Hong Kong,2015-07-25,Scotland,1,117.0,116.0,False,10.0,118,7,4,64,14-16,5.89830508475
281,Hong Kong,2015-11-21,Oman,1,107.0,106.0,False,9.0,120,9,0,63,14-16,5.3
282,Hong Kong,2015-11-25,Oman,2,131.0,127.0,False,10.0,119,13,1,52,14-16,6.40336134454
283,Hong Kong,2015-11-26,Oman,2,149.0,155.0,True,2.0,111,11,6,39,14-16,8.37837837838
284,Hong Kong,2015-11-28,Afghanistan,2,162.0,149.0,False,6.0,112,7,6,32,14-16,7.98214285714
285,Hong Kong,2016-01-30 00:00:00,Scotland,2,66.0,72.0,True,1.0,38,6,3,12,14-16,11.3684210526
286,Hong Kong,2016-01-31 00:00:00,Scotland,2,161.0,124.0,False,10.0,112,7,8,66,14-16,6.64285714286
287,Hong Kong,2016-02-19 00:00:00,Oman,2,180.0,175.0,False,7.0,120,13,8,39,14-16,8.75
288,Hong Kong,2016-02-21 00:00:00,United Arab Emirates,1,147.0,146.0,False,7.0,120,14,3,50,14-16,7.3
289,Hong Kong,2016-02-22 00:00:00,Afghanistan,2,178.0,112.0,False,10.0,103,12,2,58,14-16,6.52427184466
290,India,2006-12-01,South Africa,2,126.0,127.0,True,4.0,119,14,3,71,05-07,6.40336134454
291,India,2007-09-14,Pakistan,1,141.0,141.0,False,7.0,120,12,5,58,05-07,7.05
292,India,2007-09-16,New Zealand,2,190.0,180.0,False,9.0,120,23,4,39,05-07,9.0
293,India,2007-09-19,England,1,200.0,218.0,True,3.0,120,15,11,46,05-07,10.9
294,India,2007-09-20,South Africa,1,116.0,153.0,True,4.0,120,16,4,61,05-07,7.65
295,India,2007-09-22,Australia,1,173.0,188.0,True,4.0,120,15,10,44,05-07,9.4
296,India,2007-09-24,Pakistan,1,152.0,157.0,True,3.0,120,13,4,46,05-07,7.85
297,India,2007-10-20,Australia,2,166.0,167.0,True,3.0,109,14,5,51,05-07,9.19266055046
298,India,2008-02-01,Australia,1,75.0,74.0,False,10.0,105,3,0,58,08-10,4.22857142857
299,India,2009-02-10,Sri Lanka,2,171.0,174.0,True,7.0,116,15,7,55,08-10,9.0
300,India,2009-02-25,New Zealand,1,166.0,162.0,False,8.0,120,6,13,53,08-10,8.1
301,India,2009-02-27,New Zealand,1,150.0,149.0,False,6.0,120,11,7,53,08-10,7.45
302,India,2009-06-06,Bangladesh,1,155.0,180.0,True,5.0,120,12,8,38,08-10,9.0
303,India,2009-06-10,Ireland,2,112.0,113.0,True,2.0,93,8,2,37,08-10,7.29032258065
304,India,2009-06-12,West Indies,1,156.0,153.0,False,6.0,120,15,3,51,08-10,7.65
305,India,2009-06-14,England,2,153.0,150.0,False,5.0,120,10,4,47,08-10,7.5
306,India,2009-06-16,South Africa,2,130.0,118.0,False,9.0,120,8,2,59,08-10,5.9
307,India,2009-12-09,Sri Lanka,2,215.0,186.0,False,9.0,120,18,5,42,08-10,9.3
308,India,2009-12-12,Sri Lanka,2,206.0,211.0,True,4.0,115,17,10,32,08-10,11.0086956522
309,India,2010-05-01,Afghanistan,2,115.0,116.0,True,3.0,89,3,7,45,08-10,7.8202247191
310,India,2010-05-02,South Africa,1,172.0,186.0,True,3.0,120,15,9,46,08-10,9.3
311,India,2010-05-07,Australia,2,184.0,135.0,False,11.0,106,8,8,61,08-10,7.64150943396
312,India,2010-05-09,West Indies,2,169.0,155.0,False,9.0,120,12,6,71,08-10,7.75
313,India,2010-05-11,Sri Lanka,1,167.0,163.0,False,5.0,120,14,2,40,08-10,8.15
314,India,2010-06-12,Zimbabwe,2,111.0,112.0,True,4.0,90,10,5,47,08-10,7.46666666667
315,India,2010-06-13,Zimbabwe,2,140.0,144.0,True,3.0,108,10,5,53,08-10,8.0
316,India,2011-01-09,South Africa,1,147.0,168.0,True,6.0,120,16,5,37,11-13,8.4
317,India,2011-06-04,West Indies,1,143.0,159.0,True,6.0,120,10,6,49,11-13,7.95
318,India,2011-08-31,England,1,169.0,165.0,False,10.0,118,14,6,49,11-13,8.38983050847
319,India,2011-10-29,England,1,121.0,120.0,False,9.0,120,11,3,62,11-13,6.0
320,India,2012-02-01,Australia,2,171.0,140.0,False,6.0,120,8,4,50,11-13,7.0
321,India,2012-02-03,Australia,2,131.0,135.0,True,2.0,118,11,1,43,11-13,6.86440677966
322,India,2012-03-30,South Africa,2,219.0,71.0,False,0.0,47,8,1,16,11-13,9.06382978723
323,India,2012-08-07,Sri Lanka,1,116.0,155.0,True,3.0,120,17,3,49,11-13,7.75
324,India,2012-09-11,New Zealand,2,167.0,166.0,False,4.0,120,15,4,40,11-13,8.3
325,India,2012-09-19,Afghanistan,1,136.0,159.0,True,4.0,120,14,4,53,11-13,7.95
326,India,2012-09-23,England,1,80.0,170.0,True,3.0,120,18,1,42,11-13,8.5
327,India,2012-09-28,Australia,1,141.0,140.0,False,7.0,120,15,2,53,11-13,7.0
328,India,2012-09-30,Pakistan,2,128.0,129.0,True,2.0,102,14,2,35,11-13,7.58823529412
329,India,2012-10-02,South Africa,1,151.0,152.0,True,5.0,120,13,3,46,11-13,7.6
330,India,2012-12-20,England,2,157.0,158.0,True,5.0,107,10,6,41,11-13,8.85981308411
331,India,2012-12-22,England,1,181.0,177.0,False,8.0,120,15,4,46,11-13,8.85
332,India,2012-12-25,Pakistan,1,134.0,133.0,False,9.0,120,9,3,48,11-13,6.65
333,India,2012-12-28,Pakistan,1,181.0,192.0,True,5.0,120,20,7,36,11-13,9.6
334,India,2013-10-10,Australia,2,201.0,202.0,True,4.0,118,19,8,39,11-13,10.2711864407
335,India,2014-03-21,Pakistan,2,130.0,131.0,True,3.0,111,14,4,55,14-16,7.08108108108
336,India,2014-03-23,West Indies,2,129.0,130.0,True,3.0,118,11,3,48,14-16,6.61016949153
337,India,2014-03-28,Bangladesh,2,138.0,141.0,True,2.0,111,9,4,35,14-16,7.62162162162
338,India,2014-03-30,Australia,1,86.0,159.0,True,7.0,120,11,6,61,14-16,7.95
339,India,2014-04-04,South Africa,2,172.0,176.0,True,4.0,115,16,5,38,14-16,9.18260869565
340,India,2014-04-06,Sri Lanka,1,134.0,130.0,False,4.0,120,8,4,49,14-16,6.5
341,India,2014-09-07,England,2,180.0,177.0,False,5.0,120,15,6,37,14-16,8.85
342,India,2015-07-17,Zimbabwe,1,124.0,178.0,True,4.0,120,12,3,46,14-16,8.9
343,India,2015-07-19,Zimbabwe,2,145.0,135.0,False,9.0,120,14,1,47,14-16,6.75
344,India,2015-10-02,South Africa,1,200.0,199.0,False,5.0,120,15,11,44,14-16,9.95
345,India,2015-10-05,South Africa,1,96.0,92.0,False,10.0,104,8,0,60,14-16,5.30769230769
346,India,2016-01-26 00:00:00,Australia,1,151.0,188.0,True,3.0,120,17,5,41,14-16,9.4
347,India,2016-01-29 00:00:00,Australia,1,157.0,184.0,True,3.0,120,17,5,36,14-16,9.2
348,India,2016-01-31 00:00:00,Australia,2,197.0,200.0,True,3.0,120,18,5,41,14-16,10.0
349,India,2016-02-09 00:00:00,Sri Lanka,1,105.0,101.0,False,10.0,113,7,3,71,14-16,5.36283185841
350,India,2016-02-12 00:00:00,Sri Lanka,1,127.0,196.0,True,6.0,120,19,5,37,14-16,9.8
351,India,2016-02-14 00:00:00,Sri Lanka,2,82.0,84.0,True,1.0,83,7,2,36,14-16,6.07228915663
352,India,2016-02-24 00:00:00,Bangladesh,1,121.0,166.0,True,6.0,120,15,5,47,14-16,8.3
353,India,2016-02-27 00:00:00,Pakistan,2,83.0,85.0,True,5.0,93,10,0,65,14-16,5.48387096774
354,India,2016-03-01 00:00:00,Sri Lanka,2,138.0,142.0,True,5.0,116,15,4,46,14-16,7.34482758621
355,India,2016-03-03 00:00:00,United Arab Emirates,2,81.0,82.0,True,1.0,61,14,2,36,14-16,8.06557377049
356,India,2016-03-06 00:00:00,Bangladesh,2,120.0,122.0,True,2.0,83,15,3,27,14-16,8.81927710843
357,Ireland,2008-08-02,Scotland,2,117.0,121.0,True,6.0,119,7,2,56,08-10,6.10084033613
358,Ireland,2008-08-03,Bermuda,1,41.0,43.0,True,7.0,54,4,0,36,08-10,4.77777777778
359,Ireland,2008-08-04,Kenya,2,67.0,72.0,True,6.0,115,3,1,84,08-10,3.75652173913
360,Ireland,2009-06-08,Bangladesh,2,137.0,138.0,True,4.0,110,12,5,51,08-10,7.52727272727
361,Ireland,2009-06-10,India,1,113.0,112.0,False,8.0,108,9,1,51,08-10,6.22222222222
362,Ireland,2009-06-11,New Zealand,2,198.0,115.0,False,10.0,100,10,2,44,08-10,6.9
363,Ireland,2009-06-14,Sri Lanka,2,144.0,135.0,False,7.0,120,14,2,63,08-10,6.75
364,Ireland,2009-06-15,Pakistan,2,159.0,120.0,False,9.0,120,6,0,54,08-10,6.0
365,Ireland,2010-02-01,Afghanistan,2,121.0,124.0,True,5.0,109,16,0,55,08-10,6.82568807339
366,Ireland,2010-02-03,Canada,2,176.0,172.0,False,8.0,120,20,2,40,08-10,8.6
367,Ireland,2010-02-09,Afghanistan,2,139.0,126.0,False,13.0,116,7,2,53,08-10,6.51724137931
368,Ireland,2010-02-11,Scotland,1,99.0,136.0,True,6.0,120,10,1,53,08-10,6.8
369,Ireland,2010-02-13,Netherlands,1,233.0,293.0,True,13.0,120,21,4,91,08-10,14.65
370,Ireland,2010-04-30,West Indies,2,138.0,68.0,False,10.0,100,3,0,73,08-10,4.08
371,Ireland,2012-02-22,Kenya,2,107.0,109.0,True,6.0,93,13,0,48,11-13,7.03225806452
372,Ireland,2012-02-23,Kenya,2,131.0,132.0,True,2.0,105,15,2,52,11-13,7.54285714286
373,Ireland,2012-02-24,Kenya,1,105.0,107.0,True,9.0,120,10,0,66,11-13,5.35
374,Ireland,2012-03-14,Kenya,2,71.0,72.0,True,0.0,44,10,2,18,11-13,9.81818181818
375,Ireland,2012-03-18,Scotland,1,142.0,159.0,True,5.0,118,12,5,52,11-13,8.08474576271
376,Ireland,2012-03-22,Canada,2,106.0,109.0,True,0.0,57,17,3,24,11-13,11.4736842105
377,Ireland,2012-03-23,Netherlands,2,114.0,115.0,True,3.0,100,8,3,47,11-13,6.9
378,Ireland,2012-03-24,Afghanistan,2,152.0,156.0,True,5.0,113,15,4,48,11-13,8.28318584071
379,Ireland,2012-07-18,Bangladesh,2,190.0,119.0,False,8.0,119,7,5,68,11-13,6.0
380,Ireland,2012-07-20,Bangladesh,2,147.0,145.0,False,6.0,120,14,1,47,11-13,7.25
381,Ireland,2012-07-21,Bangladesh,1,139.0,140.0,True,8.0,120,9,4,57,11-13,7.0
382,Ireland,2012-09-19,Australia,1,125.0,123.0,False,7.0,120,14,1,59,11-13,6.15
383,Ireland,2013-11-16,Canada,1,166.0,168.0,True,5.0,120,15,3,46,11-13,8.4
384,Ireland,2013-11-30,Afghanistan,1,157.0,225.0,True,7.0,120,22,10,45,11-13,11.25
385,Ireland,2014-02-19,West Indies,2,117.0,117.0,False,4.0,115,14,0,60,14-16,6.10434782609
386,Ireland,2014-02-21,West Indies,2,96.0,85.0,False,8.0,120,7,0,61,14-16,4.25
387,Ireland,2014-03-17,Zimbabwe,2,163.0,164.0,True,7.0,120,17,3,41,14-16,8.2
388,Ireland,2014-03-19,United Arab Emirates,2,123.0,98.0,False,4.0,86,9,2,42,14-16,6.83720930233
389,Ireland,2014-03-21,Netherlands,1,193.0,189.0,False,4.0,120,13,11,43,14-16,9.45
390,Ireland,2015-06-18,Scotland,1,150.0,146.0,False,5.0,120,12,4,53,14-16,7.3
391,Ireland,2015-06-20,Scotland,1,167.0,166.0,False,6.0,120,15,3,44,14-16,8.3
392,Ireland,2015-07-13,Nepal,2,36.0,54.0,True,2.0,48,7,1,27,14-16,6.75
393,Ireland,2015-07-15,Papua New Guinea,1,124.0,123.0,False,8.0,120,10,2,56,14-16,6.15
394,Ireland,2015-07-17,Hong Kong,2,129.0,124.0,False,9.0,120,13,2,64,14-16,6.2
395,Ireland,2015-07-25,Netherlands,1,129.0,128.0,False,10.0,119,8,5,54,14-16,6.45378151261
396,Ireland,2016-02-06 00:00:00,Papua New Guinea,2,92.0,97.0,True,5.0,73,9,1,28,14-16,7.97260273973
397,Ireland,2016-02-07 00:00:00,Papua New Guinea,1,89.0,96.0,True,5.0,66,5,3,18,14-16,8.72727272727
398,Ireland,2016-02-09 00:00:00,Papua New Guinea,2,116.0,105.0,False,10.0,115,6,1,49,14-16,5.47826086957
399,Ireland,2016-02-14 00:00:00,United Arab Emirates,1,100.0,134.0,True,6.0,120,8,4,55,14-16,6.7
400,Ireland,2016-02-16 00:00:00,United Arab Emirates,2,133.0,128.0,False,9.0,120,14,1,53,14-16,6.4
401,Kenya,2007-09-01,Bangladesh,1,139.0,138.0,False,7.0,120,12,2,55,05-07,6.9
402,Kenya,2007-09-04,Pakistan,1,93.0,92.0,False,11.0,118,4,2,75,05-07,4.67796610169
403,Kenya,2007-09-12,New Zealand,1,74.0,73.0,False,10.0,101,6,1,73,05-07,4.33663366337
404,Kenya,2007-09-14,Sri Lanka,2,260.0,88.0,False,9.0,117,4,1,69,05-07,4.51282051282
405,Kenya,2008-08-02,Netherlands,2,147.0,134.0,False,9.0,120,8,3,46,08-10,6.7
406,Kenya,2008-08-03,Canada,2,91.0,92.0,True,6.0,107,5,2,62,08-10,5.15887850467
407,Kenya,2008-08-04,Scotland,1,179.0,173.0,False,19.0,120,10,2,138,08-10,8.65
408,Kenya,2010-02-01,Scotland,2,109.0,110.0,True,0.0,75,14,3,35,08-10,8.8
409,Kenya,2010-02-04,Scotland,2,123.0,126.0,True,0.0,87,15,3,33,08-10,8.68965517241
410,Kenya,2010-02-10,Canada,2,138.0,141.0,True,1.0,89,17,2,26,08-10,9.50561797753
411,Kenya,2010-02-11,Netherlands,1,133.0,130.0,False,9.0,118,9,3,55,08-10,6.61016949153
412,Kenya,2012-02-22,Ireland,1,109.0,107.0,False,10.0,120,8,3,64,11-13,5.35
413,Kenya,2012-02-23,Ireland,1,132.0,131.0,False,7.0,120,10,3,59,11-13,6.55
414,Kenya,2012-02-24,Ireland,2,107.0,105.0,False,7.0,120,7,0,53,11-13,5.25
415,Kenya,2012-03-13,Scotland,2,148.0,164.0,True,10.0,120,15,3,49,11-13,8.2
416,Kenya,2012-03-14,Ireland,1,72.0,71.0,False,10.0,114,4,0,82,11-13,3.73684210526
417,Kenya,2013-03-15,Canada,1,128.0,126.0,False,8.0,120,9,4,63,11-13,6.3
418,Kenya,2013-03-16,Canada,1,118.0,139.0,True,6.0,120,11,2,57,11-13,6.95
419,Kenya,2013-04-19,Netherlands,2,172.0,176.0,True,5.0,114,15,8,38,11-13,9.26315789474
420,Kenya,2013-04-20,Netherlands,2,113.0,114.0,True,3.0,74,11,6,37,11-13,9.24324324324
421,Kenya,2013-07-04,Scotland,2,112.0,78.0,False,10.0,113,3,0,65,11-13,4.14159292035
422,Kenya,2013-07-05,Scotland,1,106.0,100.0,False,9.0,120,2,2,55,11-13,5.0
423,Kenya,2013-09-30,Afghanistan,2,162.0,56.0,False,10.0,112,4,1,84,11-13,3.0
424,Kenya,2013-10-11,Afghanistan,1,115.0,149.0,True,4.0,120,12,5,59,11-13,7.45
425,Kenya,2013-11-19,Scotland,1,91.0,183.0,True,6.0,120,21,4,40,11-13,9.15
426,Kenya,2013-11-23,Netherlands,2,130.0,96.0,False,9.0,120,3,2,69,11-13,4.8
427,Kenya,2013-11-24,Afghanistan,2,143.0,114.0,False,10.0,110,7,5,52,11-13,6.21818181818
428,Kenya,2013-11-26,Canada,1,125.0,146.0,True,6.0,120,14,4,57,11-13,7.3
429,Nepal,2014-03-16,Hong Kong,1,69.0,149.0,True,8.0,120,16,1,58,14-16,7.45
430,Nepal,2014-03-18,Bangladesh,1,132.0,126.0,False,5.0,120,14,0,66,14-16,6.3
431,Nepal,2014-03-20,Afghanistan,1,132.0,141.0,True,4.0,120,16,2,62,14-16,7.05
432,Nepal,2014-11-24,Hong Kong,1,73.0,72.0,False,8.0,120,6,2,86,14-16,3.6
433,Nepal,2015-06-30,Netherlands,2,129.0,116.0,False,7.0,120,7,2,52,14-16,5.8
434,Nepal,2015-07-01,Netherlands,2,172.0,69.0,False,10.0,106,4,1,73,14-16,3.90566037736
435,Nepal,2015-07-02,Netherlands,2,149.0,131.0,False,9.0,120,9,1,48,14-16,6.55
436,Nepal,2015-07-03,Netherlands,2,139.0,141.0,True,7.0,118,13,0,48,14-16,7.16949152542
437,Nepal,2015-07-13,Ireland,1,54.0,36.0,False,10.0,75,1,0,51,14-16,2.88
438,Nepal,2015-07-15,Hong Kong,1,110.0,109.0,False,10.0,120,5,4,72,14-16,5.45
439,Nepal,2015-07-17,Papua New Guinea,1,99.0,93.0,False,9.0,118,8,0,65,14-16,4.72881355932
440,Netherlands,2008-08-02,Kenya,1,232.0,243.0,True,14.0,120,16,3,110,08-10,12.15
441,Netherlands,2008-08-04,Scotland,2,107.0,110.0,True,5.0,108,11,1,51,08-10,6.11111111111
442,Netherlands,2009-06-05,England,2,162.0,163.0,True,6.0,120,12,4,45,08-10,8.15
443,Netherlands,2009-06-09,Pakistan,2,175.0,93.0,False,10.0,105,6,1,56,08-10,5.31428571429
444,Netherlands,2010-02-09,Canada,2,142.0,146.0,True,4.0,115,14,1,42,08-10,7.61739130435
445,Netherlands,2010-02-11,Kenya,2,130.0,133.0,True,3.0,115,12,2,52,08-10,6.93913043478
446,Netherlands,2010-02-12,Afghanistan,2,128.0,132.0,True,6.0,113,7,2,52,08-10,7.00884955752
447,Netherlands,2010-02-13,Ireland,2,151.0,86.0,False,10.0,93,4,2,50,08-10,5.54838709677
448,Netherlands,2012-03-13,Canada,1,93.0,135.0,True,4.0,120,8,1,48,11-13,6.75
449,Netherlands,2012-03-14,Afghanistan,1,150.0,149.0,False,6.0,120,10,3,47,11-13,7.45
450,Netherlands,2012-03-22,Scotland,2,166.0,169.0,True,7.0,115,13,8,42,11-13,8.81739130435
451,Netherlands,2012-03-23,Ireland,1,115.0,114.0,False,7.0,120,6,2,55,11-13,5.7
452,Netherlands,2012-07-25,Bangladesh,1,145.0,144.0,False,7.0,120,11,3,45,11-13,7.2
453,Netherlands,2012-07-26,Bangladesh,2,128.0,131.0,True,9.0,120,9,5,55,11-13,6.55
454,Netherlands,2013-04-19,Kenya,1,176.0,172.0,False,5.0,120,13,7,45,11-13,8.6
455,Netherlands,2013-04-20,Kenya,1,114.0,113.0,False,10.0,112,7,5,62,11-13,6.05357142857
456,Netherlands,2013-11-22,Scotland,2,165.0,150.0,False,6.0,120,11,1,42,11-13,7.5
457,Netherlands,2013-11-23,Kenya,1,96.0,130.0,True,7.0,120,8,0,44,11-13,6.5
458,Netherlands,2013-11-28,Scotland,2,147.0,149.0,True,2.0,107,14,2,29,11-13,8.35514018692
459,Netherlands,2014-03-17,United Arab Emirates,2,151.0,152.0,True,4.0,113,16,5,41,14-16,8.07079646018
460,Netherlands,2014-03-19,Zimbabwe,1,146.0,140.0,False,3.0,120,15,1,49,14-16,7.0
461,Netherlands,2014-03-21,Ireland,2,189.0,193.0,True,4.0,83,12,19,28,14-16,13.9518072289
462,Netherlands,2014-03-24,Sri Lanka,1,40.0,39.0,False,10.0,63,3,0,43,14-16,3.71428571429
463,Netherlands,2014-03-27,South Africa,2,145.0,139.0,False,10.0,112,14,4,53,14-16,7.44642857143
464,Netherlands,2014-03-29,New Zealand,1,152.0,151.0,False,4.0,120,15,4,56,14-16,7.55
465,Netherlands,2014-03-31,England,1,88.0,133.0,True,5.0,120,11,3,63,14-16,6.65
466,Netherlands,2015-06-30,Nepal,1,116.0,129.0,True,5.0,120,9,1,48,14-16,6.45
467,Netherlands,2015-07-01,Nepal,1,69.0,172.0,True,4.0,120,12,6,39,14-16,8.6
468,Netherlands,2015-07-02,Nepal,1,131.0,149.0,True,6.0,120,9,5,39,14-16,7.45
469,Netherlands,2015-07-03,Nepal,1,141.0,139.0,False,7.0,120,12,1,39,14-16,6.95
470,Netherlands,2015-07-09,Afghanistan,2,162.0,130.0,False,10.0,118,7,5,56,14-16,6.61016949153
471,Netherlands,2015-07-11,Scotland,1,159.0,191.0,True,6.0,120,13,10,37,14-16,9.55
472,Netherlands,2015-07-12,United Arab Emirates,2,119.0,125.0,True,3.0,103,12,4,44,14-16,7.28155339806
473,Netherlands,2015-07-25,Ireland,2,128.0,129.0,True,5.0,109,15,3,48,14-16,7.10091743119
474,Netherlands,2016-02-03 00:00:00,United Arab Emirates,1,73.0,157.0,True,5.0,120,15,3,48,14-16,7.85
475,Netherlands,2016-02-05 00:00:00,Scotland,2,136.0,103.0,False,10.0,110,6,3,57,14-16,5.61818181818
476,New Zealand,2005-02-17,Australia,2,214.0,170.0,False,10.0,120,17,5,44,05-07,8.5
477,New Zealand,2005-10-21,South Africa,2,133.0,134.0,True,5.0,108,12,3,47,05-07,7.44444444444
478,New Zealand,2006-02-16,West Indies,2,126.0,126.0,False,8.0,120,10,3,61,05-07,6.3
479,New Zealand,2006-12-22,Sri Lanka,1,62.0,162.0,True,8.0,120,13,6,52,05-07,8.1
480,New Zealand,2006-12-26,Sri Lanka,2,115.0,116.0,True,5.0,111,15,2,65,05-07,6.27027027027
481,New Zealand,2007-09-12,Kenya,2,73.0,74.0,True,1.0,46,6,4,28,05-07,9.65217391304
482,New Zealand,2007-09-15,Sri Lanka,1,168.0,164.0,False,7.0,120,7,7,42,05-07,8.2
483,New Zealand,2007-09-16,India,1,180.0,190.0,True,9.0,120,17,9,52,05-07,9.5
484,New Zealand,2007-09-18,England,1,159.0,164.0,True,9.0,120,9,9,49,05-07,8.2
485,New Zealand,2007-09-19,South Africa,1,158.0,153.0,False,8.0,120,11,6,52,05-07,7.65
486,New Zealand,2007-09-22,Pakistan,1,147.0,143.0,False,7.0,120,7,5,49,05-07,7.15
487,New Zealand,2007-11-23,South Africa,1,131.0,129.0,False,4.0,120,6,5,60,05-07,6.45
488,New Zealand,2007-12-11,Australia,2,186.0,132.0,False,10.0,111,11,7,75,05-07,7.13513513514
489,New Zealand,2008-02-05,England,2,184.0,152.0,False,10.0,116,13,4,60,08-10,7.86206896552
490,New Zealand,2008-02-07,England,2,193.0,143.0,False,8.0,120,11,5,48,08-10,7.15
491,New Zealand,2008-06-13,England,1,127.0,123.0,False,9.0,120,10,4,59,08-10,6.15
492,New Zealand,2008-12-26,West Indies,1,155.0,155.0,False,4.0,120,11,7,53,08-10,7.75
493,New Zealand,2008-12-28,West Indies,1,155.0,191.0,True,8.0,120,15,9,52,08-10,9.55
494,New Zealand,2009-02-15,Australia,2,150.0,149.0,False,5.0,120,14,3,53,08-10,7.45
495,New Zealand,2009-02-25,India,2,162.0,166.0,True,3.0,113,10,11,52,08-10,8.81415929204
496,New Zealand,2009-02-27,India,2,149.0,150.0,True,5.0,120,15,3,57,08-10,7.5
497,New Zealand,2009-06-06,Scotland,2,89.0,90.0,True,4.0,36,9,5,11,08-10,15.0
498,New Zealand,2009-06-09,South Africa,2,128.0,127.0,False,5.0,120,11,0,54,08-10,6.35
499,New Zealand,2009-06-11,Ireland,1,115.0,198.0,True,4.0,120,15,9,41,08-10,9.9
500,New Zealand,2009-06-13,Pakistan,1,100.0,99.0,False,9.0,111,8,1,58,08-10,5.35135135135
501,New Zealand,2009-06-16,Sri Lanka,2,158.0,110.0,False,10.0,102,11,2,51,08-10,6.47058823529
502,New Zealand,2009-09-02,Sri Lanka,1,138.0,141.0,True,7.0,120,10,3,48,08-10,7.05
503,New Zealand,2009-09-04,Sri Lanka,1,148.0,170.0,True,4.0,120,11,6,39,08-10,8.5
504,New Zealand,2009-11-12,Pakistan,2,161.0,112.0,False,8.0,111,8,2,55,08-10,6.05405405405
505,New Zealand,2009-11-13,Pakistan,2,153.0,146.0,False,5.0,120,9,4,51,08-10,7.3
506,New Zealand,2010-02-03,Bangladesh,2,78.0,79.0,True,0.0,50,10,2,22,08-10,9.48
507,New Zealand,2010-02-26,Australia,1,119.0,118.0,False,10.0,120,9,3,59,08-10,5.9
508,New Zealand,2010-02-28,Australia,1,214.0,214.0,False,6.0,120,21,11,51,08-10,10.7
509,New Zealand,2010-04-30,Sri Lanka,2,135.0,139.0,True,8.0,119,7,6,46,08-10,7.00840336134
510,New Zealand,2010-05-04,Zimbabwe,2,84.0,36.0,False,1.0,49,2,0,33,08-10,4.40816326531
511,New Zealand,2010-05-06,South Africa,2,170.0,157.0,False,7.0,120,13,6,60,08-10,7.85
512,New Zealand,2010-05-08,Pakistan,1,132.0,133.0,True,7.0,120,8,4,64,08-10,6.65
513,New Zealand,2010-05-10,England,1,153.0,149.0,False,5.0,120,9,4,43,08-10,7.45
514,New Zealand,2010-05-22,Sri Lanka,1,92.0,120.0,True,6.0,120,8,1,51,08-10,6.0
515,New Zealand,2010-05-23,Sri Lanka,1,82.0,81.0,False,10.0,105,5,0,53,08-10,4.62857142857
516,New Zealand,2010-12-26,Pakistan,2,143.0,146.0,True,5.0,103,11,9,53,08-10,8.50485436893
517,New Zealand,2010-12-28,Pakistan,1,146.0,185.0,True,5.0,120,12,11,50,08-10,9.25
518,New Zealand,2010-12-30,Pakistan,2,183.0,80.0,False,10.0,95,9,1,59,08-10,5.05263157895
519,New Zealand,2011-10-15,Zimbabwe,2,123.0,127.0,True,0.0,81,7,8,34,11-13,9.40740740741
520,New Zealand,2011-10-17,Zimbabwe,1,154.0,187.0,True,2.0,107,13,8,40,11-13,10.4859813084
521,New Zealand,2012-02-11,Zimbabwe,2,159.0,160.0,True,3.0,101,12,6,39,11-13,9.50495049505
522,New Zealand,2012-02-14,Zimbabwe,2,200.0,202.0,True,5.0,118,15,11,47,11-13,10.2711864407
523,New Zealand,2012-02-17,South Africa,2,147.0,148.0,True,4.0,116,10,4,42,11-13,7.65517241379
524,New Zealand,2012-02-19,South Africa,1,174.0,173.0,False,4.0,120,15,9,54,11-13,8.65
525,New Zealand,2012-02-22,South Africa,2,165.0,162.0,False,7.0,120,14,5,54,11-13,8.1
526,New Zealand,2012-06-30,West Indies,2,209.0,153.0,False,9.0,111,12,5,50,11-13,8.27027027027
527,New Zealand,2012-07-01,West Indies,2,177.0,116.0,False,10.0,112,4,5,52,11-13,6.21428571429
528,New Zealand,2012-09-11,India,1,166.0,167.0,True,5.0,120,17,4,36,11-13,8.35
529,New Zealand,2012-09-21,Bangladesh,1,132.0,191.0,True,3.0,120,15,9,41,11-13,9.55
530,New Zealand,2012-09-23,Pakistan,2,177.0,164.0,False,9.0,120,17,4,50,11-13,8.2
531,New Zealand,2012-09-27,Sri Lanka,1,174.0,174.0,False,6.0,120,13,6,42,11-13,8.7
532,New Zealand,2012-09-29,England,1,149.0,148.0,False,5.0,120,11,4,53,11-13,7.4
533,New Zealand,2012-10-01,West Indies,2,139.0,139.0,False,7.0,120,9,3,45,11-13,6.95
534,New Zealand,2012-12-21,South Africa,1,87.0,86.0,False,10.0,110,13,0,72,11-13,4.69090909091
535,New Zealand,2012-12-23,South Africa,2,165.0,169.0,True,2.0,114,15,6,50,11-13,8.89473684211
536,New Zealand,2012-12-26,South Africa,2,179.0,146.0,False,9.0,120,17,3,53,11-13,7.3
537,New Zealand,2013-02-09,England,2,214.0,174.0,False,9.0,120,11,8,45,11-13,8.7
538,New Zealand,2013-02-12,England,1,137.0,192.0,True,6.0,120,13,10,40,11-13,9.6
539,New Zealand,2013-02-15,England,1,143.0,139.0,False,8.0,120,10,3,43,11-13,6.95
540,New Zealand,2013-06-25,England,1,196.0,201.0,True,4.0,120,16,8,48,11-13,10.05
541,New Zealand,2013-11-06,Bangladesh,1,189.0,204.0,True,5.0,120,18,9,39,11-13,10.2
542,New Zealand,2013-11-21,Sri Lanka,1,143.0,142.0,False,7.0,120,13,2,44,11-13,7.1
543,New Zealand,2014-01-11,West Indies,1,108.0,189.0,True,4.0,120,12,11,39,14-16,9.45
544,New Zealand,2014-01-15,West Indies,2,159.0,163.0,True,6.0,114,14,6,47,14-16,8.57894736842
545,New Zealand,2014-03-22,England,2,172.0,52.0,False,1.0,32,7,2,14,14-16,9.75
546,New Zealand,2014-03-24,South Africa,2,170.0,168.0,False,8.0,120,16,5,46,14-16,8.4
547,New Zealand,2014-03-29,Netherlands,2,151.0,152.0,True,4.0,114,12,5,41,14-16,8.0
548,New Zealand,2014-03-31,Sri Lanka,2,119.0,60.0,False,9.0,93,7,0,61,14-16,3.87096774194
549,New Zealand,2014-07-05,West Indies,2,132.0,117.0,False,4.0,90,8,5,36,14-16,7.8
550,New Zealand,2014-07-06,West Indies,2,165.0,126.0,False,10.0,115,10,3,51,14-16,6.57391304348
551,New Zealand,2014-12-04,Pakistan,1,140.0,135.0,False,7.0,120,8,5,57,14-16,6.75
552,New Zealand,2014-12-05,Pakistan,1,127.0,144.0,True,6.0,120,12,3,54,14-16,7.2
553,New Zealand,2015-06-23,England,2,191.0,135.0,False,10.0,98,14,4,36,14-16,8.26530612245
554,New Zealand,2015-08-09,Zimbabwe,1,118.0,198.0,True,4.0,120,19,7,39,14-16,9.9
555,New Zealand,2015-08-14,South Africa,1,152.0,151.0,False,7.0,120,18,2,48,14-16,7.55
556,New Zealand,2015-08-16,South Africa,1,145.0,177.0,True,6.0,120,19,6,49,14-16,8.85
557,New Zealand,2016-01-07 00:00:00,Sri Lanka,1,179.0,182.0,True,4.0,120,15,8,31,14-16,9.1
558,New Zealand,2016-01-10 00:00:00,Sri Lanka,2,142.0,147.0,True,1.0,60,10,12,15,14-16,14.7
559,New Zealand,2016-01-15 00:00:00,Pakistan,2,171.0,155.0,False,10.0,120,10,7,55,14-16,7.75
560,New Zealand,2016-01-17 00:00:00,Pakistan,2,168.0,171.0,True,0.0,106,20,4,37,14-16,9.67924528302
561,New Zealand,2016-01-22 00:00:00,Pakistan,1,101.0,196.0,True,6.0,120,17,8,37,14-16,9.8
562,Oman,2015-07-25,Afghanistan,1,130.0,121.0,False,8.0,117,11,1,58,14-16,6.20512820513
563,Oman,2015-11-21,Hong Kong,2,106.0,107.0,True,4.0,111,10,0,50,14-16,5.78378378378
564,Oman,2015-11-22,United Arab Emirates,1,134.0,133.0,False,8.0,120,13,1,54,14-16,6.65
565,Oman,2015-11-25,Hong Kong,1,127.0,131.0,True,6.0,120,12,2,57,14-16,6.55
566,Oman,2015-11-26,Hong Kong,1,155.0,149.0,False,4.0,120,17,2,59,14-16,7.45
567,Oman,2015-11-29,Afghanistan,2,159.0,121.0,False,9.0,97,14,1,38,14-16,7.48453608247
568,Oman,2015-11-30,Afghanistan,2,160.0,148.0,False,8.0,120,13,3,51,14-16,7.4
569,Oman,2016-02-19 00:00:00,Hong Kong,1,175.0,180.0,True,5.0,120,13,8,38,14-16,9.0
570,Oman,2016-02-20 00:00:00,Afghanistan,1,168.0,165.0,False,3.0,120,10,6,39,14-16,8.25
571,Oman,2016-02-22 00:00:00,United Arab Emirates,2,172.0,101.0,False,8.0,120,12,1,73,14-16,5.05
572,Pakistan,2006-08-28,England,2,144.0,148.0,True,5.0,107,18,3,60,05-07,8.29906542056
573,Pakistan,2007-02-02,South Africa,1,132.0,127.0,False,8.0,120,8,3,68,05-07,6.35
574,Pakistan,2007-09-02,Bangladesh,1,161.0,191.0,True,6.0,120,8,12,37,05-07,9.55
575,Pakistan,2007-09-04,Kenya,2,92.0,93.0,True,2.0,83,6,4,45,05-07,6.72289156627
576,Pakistan,2007-09-12,Scotland,1,120.0,171.0,True,9.0,120,17,6,49,05-07,8.55
577,Pakistan,2007-09-14,India,2,141.0,141.0,False,7.0,120,16,2,60,05-07,7.05
578,Pakistan,2007-09-17,Sri Lanka,1,156.0,189.0,True,6.0,120,12,8,43,05-07,9.45
579,Pakistan,2007-09-18,Australia,2,164.0,165.0,True,4.0,116,17,5,51,05-07,8.53448275862
580,Pakistan,2007-09-20,Bangladesh,2,140.0,141.0,True,6.0,114,14,3,48,05-07,7.42105263158
581,Pakistan,2007-09-22,New Zealand,2,143.0,147.0,True,4.0,113,8,9,54,05-07,7.80530973451
582,Pakistan,2007-09-24,India,2,157.0,152.0,False,10.0,117,11,8,61,05-07,7.79487179487
583,Pakistan,2008-04-20,Bangladesh,1,101.0,203.0,True,6.0,120,14,9,32,08-10,10.15
584,Pakistan,2008-10-10,Canada,1,102.0,137.0,True,6.0,120,8,5,52,08-10,6.85
585,Pakistan,2008-10-11,Sri Lanka,2,137.0,141.0,True,7.0,119,9,5,50,08-10,7.10924369748
586,Pakistan,2008-10-12,Zimbabwe,2,109.0,110.0,True,3.0,114,10,1,67,08-10,5.78947368421
587,Pakistan,2008-10-13,Sri Lanka,1,133.0,132.0,False,7.0,120,9,2,56,08-10,6.6
588,Pakistan,2009-05-07,Australia,2,108.0,109.0,True,3.0,99,10,3,52,08-10,6.60606060606
589,Pakistan,2009-06-07,England,2,185.0,137.0,False,7.0,120,12,1,52,08-10,6.85
590,Pakistan,2009-06-09,Netherlands,1,93.0,175.0,True,5.0,120,10,7,34,08-10,8.75
591,Pakistan,2009-06-12,Sri Lanka,2,150.0,131.0,False,9.0,120,10,1,45,08-10,6.55
592,Pakistan,2009-06-13,New Zealand,2,99.0,100.0,True,4.0,79,9,3,42,08-10,7.59493670886
593,Pakistan,2009-06-15,Ireland,1,120.0,159.0,True,4.0,120,13,4,44,08-10,7.95
594,Pakistan,2009-06-18,South Africa,1,142.0,149.0,True,4.0,120,15,1,41,08-10,7.45
595,Pakistan,2009-06-21,Sri Lanka,2,138.0,139.0,True,2.0,112,8,4,39,08-10,7.44642857143
596,Pakistan,2009-08-12,Sri Lanka,1,120.0,172.0,True,4.0,120,19,3,41,08-10,8.6
597,Pakistan,2009-11-12,New Zealand,1,112.0,161.0,True,8.0,120,13,7,47,08-10,8.05
598,Pakistan,2009-11-13,New Zealand,1,146.0,153.0,True,5.0,120,14,5,55,08-10,7.65
599,Pakistan,2010-02-05,Australia,2,127.0,125.0,False,9.0,120,11,3,65,08-10,6.25
600,Pakistan,2010-02-19,England,1,130.0,129.0,False,8.0,120,11,2,54,08-10,6.45
601,Pakistan,2010-02-20,England,2,148.0,149.0,True,5.0,114,9,5,48,08-10,7.84210526316
602,Pakistan,2010-05-01,Bangladesh,1,151.0,172.0,True,3.0,120,16,3,32,08-10,8.6
603,Pakistan,2010-05-02,Australia,2,191.0,157.0,False,10.0,120,11,5,52,08-10,7.85
604,Pakistan,2010-05-06,England,1,151.0,147.0,False,9.0,120,10,6,59,08-10,7.35
605,Pakistan,2010-05-08,New Zealand,2,133.0,132.0,False,7.0,120,12,4,59,08-10,6.6
606,Pakistan,2010-05-10,South Africa,1,137.0,148.0,True,7.0,120,10,7,55,08-10,7.4
607,Pakistan,2010-05-14,Australia,1,197.0,191.0,False,7.0,121,13,8,50,08-10,9.47107438017
608,Pakistan,2010-07-05,Australia,1,144.0,167.0,True,8.0,120,13,5,52,08-10,8.35
609,Pakistan,2010-07-06,Australia,1,151.0,162.0,True,9.0,120,18,4,57,08-10,8.1
610,Pakistan,2010-09-05,England,1,129.0,126.0,False,4.0,120,8,0,47,08-10,6.3
611,Pakistan,2010-09-07,England,1,90.0,89.0,False,10.0,112,6,3,71,08-10,4.76785714286
612,Pakistan,2010-10-26,South Africa,1,120.0,119.0,False,9.0,119,8,4,70,08-10,6.0
613,Pakistan,2010-10-27,South Africa,1,125.0,120.0,False,8.0,120,8,3,59,08-10,6.0
614,Pakistan,2010-12-26,New Zealand,1,146.0,143.0,False,9.0,120,13,7,63,08-10,7.15
615,Pakistan,2010-12-28,New Zealand,2,185.0,146.0,False,9.0,120,9,7,49,08-10,7.3
616,Pakistan,2010-12-30,New Zealand,1,80.0,183.0,True,4.0,120,22,6,44,08-10,9.15
617,Pakistan,2011-04-21,West Indies,2,150.0,143.0,False,9.0,120,12,1,50,11-13,7.15
618,Pakistan,2011-09-16,Zimbabwe,1,113.0,198.0,True,4.0,120,18,6,47,11-13,9.9
619,Pakistan,2011-09-18,Zimbabwe,1,136.0,141.0,True,7.0,120,11,1,40,11-13,7.05
620,Pakistan,2011-11-25,Sri Lanka,2,141.0,142.0,True,5.0,117,11,4,51,11-13,7.28205128205
621,Pakistan,2011-11-29,Bangladesh,1,85.0,135.0,True,7.0,120,11,2,60,11-13,6.75
622,Pakistan,2012-02-23,England,1,136.0,144.0,True,6.0,120,12,3,50,11-13,7.2
623,Pakistan,2012-02-25,England,2,150.0,112.0,False,10.0,110,9,5,66,11-13,6.10909090909
624,Pakistan,2012-02-27,England,2,129.0,124.0,False,6.0,120,7,1,49,11-13,6.2
625,Pakistan,2012-06-01,Sri Lanka,2,132.0,95.0,False,10.0,106,6,1,67,11-13,5.37735849057
626,Pakistan,2012-06-03,Sri Lanka,1,99.0,122.0,True,6.0,120,12,1,59,11-13,6.1
627,Pakistan,2012-09-05,Australia,2,89.0,90.0,True,3.0,89,11,1,50,11-13,6.06741573034
628,Pakistan,2012-09-07,Australia,1,151.0,151.0,False,3.0,120,17,1,40,11-13,7.55
629,Pakistan,2012-09-10,Australia,2,168.0,74.0,False,10.0,115,5,1,79,11-13,3.86086956522
630,Pakistan,2012-09-23,New Zealand,1,164.0,177.0,True,5.0,120,15,7,45,11-13,8.85
631,Pakistan,2012-09-25,Bangladesh,2,175.0,178.0,True,2.0,112,21,5,41,11-13,9.53571428571
632,Pakistan,2012-09-28,South Africa,2,133.0,136.0,True,8.0,118,13,5,67,11-13,6.91525423729
633,Pakistan,2012-09-30,India,1,129.0,128.0,False,10.0,118,10,2,58,11-13,6.50847457627
634,Pakistan,2012-10-02,Australia,1,117.0,149.0,True,6.0,120,11,4,46,11-13,7.45
635,Pakistan,2012-10-04,Sri Lanka,2,139.0,123.0,False,7.0,120,11,1,64,11-13,6.15
636,Pakistan,2012-12-25,India,2,133.0,134.0,True,5.0,118,10,5,57,11-13,6.81355932203
637,Pakistan,2012-12-28,India,2,192.0,181.0,False,7.0,120,17,7,41,11-13,9.05
638,Pakistan,2013-03-03,South Africa,1,100.0,195.0,True,7.0,120,22,6,48,11-13,9.75
639,Pakistan,2013-07-27,West Indies,2,152.0,158.0,True,8.0,120,18,4,59,11-13,7.9
640,Pakistan,2013-07-28,West Indies,1,124.0,135.0,True,6.0,120,10,3,56,11-13,6.75
641,Pakistan,2013-08-23,Zimbabwe,1,136.0,161.0,True,5.0,120,10,4,48,11-13,8.05
642,Pakistan,2013-08-24,Zimbabwe,1,160.0,179.0,True,1.0,120,12,9,44,11-13,8.95
643,Pakistan,2013-11-13,South Africa,1,99.0,98.0,False,9.0,120,7,1,64,11-13,4.9
644,Pakistan,2013-11-15,South Africa,2,150.0,144.0,False,9.0,120,11,2,49,11-13,7.2
645,Pakistan,2013-11-20,South Africa,2,153.0,60.0,False,2.0,55,7,0,32,11-13,6.54545454545
646,Pakistan,2013-11-22,South Africa,1,170.0,176.0,True,4.0,120,15,8,51,11-13,8.8
647,Pakistan,2013-12-08,Afghanistan,2,137.0,138.0,True,4.0,120,10,4,54,11-13,6.9
648,Pakistan,2013-12-11,Sri Lanka,2,145.0,146.0,True,7.0,115,11,5,41,11-13,7.61739130435
649,Pakistan,2013-12-13,Sri Lanka,2,211.0,187.0,False,10.0,116,17,7,49,11-13,9.6724137931
650,Pakistan,2014-03-21,India,1,131.0,130.0,False,7.0,120,11,2,53,14-16,6.5
651,Pakistan,2014-03-23,Australia,1,175.0,191.0,True,5.0,120,19,5,43,14-16,9.55
652,Pakistan,2014-03-30,Bangladesh,1,140.0,190.0,True,4.0,120,15,7,41,14-16,9.5
653,Pakistan,2014-04-01,West Indies,2,166.0,82.0,False,10.0,107,2,4,59,14-16,4.59813084112
654,Pakistan,2014-10-05,Australia,1,97.0,96.0,False,7.0,120,4,0,68,14-16,4.8
655,Pakistan,2014-12-04,New Zealand,2,135.0,140.0,True,3.0,115,14,3,45,14-16,7.30434782609
656,Pakistan,2014-12-05,New Zealand,2,144.0,127.0,False,10.0,113,7,4,48,14-16,6.74336283186
657,Pakistan,2015-04-24,Bangladesh,1,143.0,141.0,False,5.0,120,11,3,56,14-16,7.05
658,Pakistan,2015-05-22,Zimbabwe,2,172.0,173.0,True,5.0,117,21,5,45,14-16,8.87179487179
659,Pakistan,2015-05-24,Zimbabwe,2,175.0,176.0,True,8.0,118,14,6,41,14-16,8.94915254237
660,Pakistan,2015-07-30,Sri Lanka,1,146.0,175.0,True,5.0,120,13,4,42,14-16,8.75
661,Pakistan,2015-08-01,Sri Lanka,2,172.0,174.0,True,9.0,116,9,9,36,14-16,9.0
662,Pakistan,2015-09-27,Zimbabwe,1,123.0,136.0,True,8.0,120,9,3,55,14-16,6.8
663,Pakistan,2015-09-29,Zimbabwe,1,121.0,136.0,True,5.0,120,14,1,51,14-16,6.8
664,Pakistan,2015-11-26,England,2,160.0,146.0,False,10.0,120,11,5,61,14-16,7.3
665,Pakistan,2015-11-27,England,2,172.0,169.0,False,8.0,120,12,8,53,14-16,8.45
666,Pakistan,2015-11-30,England,2,154.0,154.0,False,10.0,120,13,6,52,14-16,7.7
667,Pakistan,2016-01-15 00:00:00,New Zealand,1,155.0,171.0,True,7.0,120,15,8,50,14-16,8.55
668,Pakistan,2016-01-17 00:00:00,New Zealand,1,171.0,168.0,False,7.0,120,13,8,54,14-16,8.4
669,Pakistan,2016-01-22 00:00:00,New Zealand,2,196.0,101.0,False,10.0,97,11,1,50,14-16,6.24742268041
670,Pakistan,2016-02-27 00:00:00,India,1,85.0,83.0,False,9.0,105,8,0,73,14-16,4.74285714286
671,Pakistan,2016-02-29 00:00:00,United Arab Emirates,2,129.0,131.0,True,3.0,112,12,6,60,14-16,7.01785714286
672,Pakistan,2016-03-02 00:00:00,Bangladesh,1,131.0,129.0,False,7.0,120,12,4,57,14-16,6.45
673,Pakistan,2016-03-04 00:00:00,Sri Lanka,2,150.0,151.0,True,4.0,116,18,3,49,14-16,7.81034482759
674,Papua New Guinea,2015-07-15,Ireland,2,123.0,124.0,True,8.0,113,10,5,61,14-16,6.58407079646
675,Papua New Guinea,2015-07-17,Nepal,2,93.0,99.0,True,2.0,85,7,4,53,14-16,6.98823529412
676,Papua New Guinea,2015-07-23,Afghanistan,1,128.0,127.0,False,6.0,120,7,2,56,14-16,6.35
677,Papua New Guinea,2016-02-06 00:00:00,Ireland,1,97.0,92.0,False,8.0,120,4,2,75,14-16,4.6
678,Papua New Guinea,2016-02-07 00:00:00,Ireland,2,96.0,89.0,False,9.0,66,3,5,25,14-16,8.09090909091
679,Papua New Guinea,2016-02-09 00:00:00,Ireland,1,105.0,116.0,True,6.0,120,3,2,47,14-16,5.8
680,Scotland,2007-09-12,Pakistan,2,171.0,120.0,False,10.0,119,13,0,60,05-07,6.05042016807
681,Scotland,2008-08-02,Ireland,1,121.0,117.0,False,9.0,120,8,1,64,08-10,5.85
682,Scotland,2008-08-03,Bermuda,2,99.0,100.0,True,2.0,106,5,0,45,08-10,5.66037735849
683,Scotland,2008-08-04,Kenya,2,216.0,214.0,False,9.0,120,17,3,116,08-10,10.7
684,Scotland,2009-06-06,New Zealand,1,90.0,89.0,False,4.0,42,11,3,10,08-10,12.7142857143
685,Scotland,2009-06-07,South Africa,2,211.0,81.0,False,10.0,94,4,3,51,08-10,5.17021276596
686,Scotland,2010-02-01,Kenya,1,110.0,109.0,False,9.0,120,7,3,66,08-10,5.45
687,Scotland,2010-02-04,Kenya,1,126.0,123.0,False,10.0,116,9,5,67,08-10,6.36206896552
688,Scotland,2010-02-10,Afghanistan,2,131.0,117.0,False,9.0,120,6,2,53,08-10,5.85
689,Scotland,2010-02-11,Ireland,2,136.0,99.0,False,10.0,111,8,1,54,08-10,5.35135135135
690,Scotland,2012-03-13,Kenya,1,164.0,148.0,False,5.0,102,18,2,33,11-13,8.70588235294
691,Scotland,2012-03-18,Ireland,2,159.0,142.0,False,7.0,120,9,5,48,11-13,7.1
692,Scotland,2012-03-22,Netherlands,1,169.0,166.0,False,5.0,120,16,3,50,11-13,8.3
693,Scotland,2012-03-23,Canada,2,135.0,136.0,True,6.0,120,12,1,51,11-13,6.8
694,Scotland,2012-07-24,Bangladesh,1,124.0,162.0,True,7.0,120,14,6,48,11-13,8.1
695,Scotland,2013-03-03,Afghanistan,2,132.0,105.0,False,6.0,120,10,0,63,11-13,5.25
696,Scotland,2013-03-04,Afghanistan,1,140.0,139.0,False,7.0,120,10,1,49,11-13,6.95
697,Scotland,2013-07-04,Kenya,1,78.0,112.0,True,6.0,120,7,2,59,11-13,5.6
698,Scotland,2013-07-05,Kenya,2,100.0,106.0,True,3.0,111,6,2,55,11-13,5.72972972973
699,Scotland,2013-11-16,Afghanistan,2,171.0,154.0,False,6.0,120,12,4,44,11-13,7.7
700,Scotland,2013-11-19,Kenya,2,183.0,91.0,False,10.0,80,7,4,39,11-13,6.825
701,Scotland,2013-11-22,Netherlands,1,150.0,165.0,True,4.0,120,14,4,41,11-13,8.25
702,Scotland,2013-11-28,Netherlands,1,149.0,147.0,False,6.0,120,10,5,51,11-13,7.35
703,Scotland,2015-06-18,Ireland,2,146.0,150.0,True,4.0,96,22,1,36,14-16,9.375
704,Scotland,2015-06-20,Ireland,2,166.0,167.0,True,4.0,109,20,2,34,14-16,9.19266055046
705,Scotland,2015-07-09,United Arab Emirates,2,109.0,110.0,True,1.0,60,21,1,24,14-16,11.0
706,Scotland,2015-07-11,Netherlands,2,191.0,159.0,False,11.0,119,17,3,49,14-16,8.01680672269
707,Scotland,2015-07-12,Afghanistan,2,210.0,173.0,False,10.0,116,14,9,44,14-16,8.94827586207
708,Scotland,2015-07-25,Hong Kong,2,116.0,117.0,True,5.0,74,14,4,31,14-16,9.48648648649
709,Scotland,2016-01-30 00:00:00,Hong Kong,1,72.0,66.0,False,7.0,60,4,2,23,14-16,6.6
710,Scotland,2016-01-31 00:00:00,Hong Kong,1,124.0,161.0,True,9.0,120,13,8,57,14-16,8.05
711,Scotland,2016-02-04 00:00:00,United Arab Emirates,2,148.0,139.0,False,9.0,120,11,5,54,14-16,6.95
712,Scotland,2016-02-05 00:00:00,Netherlands,1,103.0,136.0,True,5.0,120,10,2,50,14-16,6.8
713,South Africa,2005-10-21,New Zealand,1,134.0,133.0,False,10.0,117,14,3,59,05-07,6.82051282051
714,South Africa,2006-01-09,Australia,2,210.0,114.0,False,10.0,112,12,2,53,05-07,6.10714285714
715,South Africa,2006-02-24,Australia,1,199.0,201.0,True,4.0,120,19,7,44,05-07,10.05
716,South Africa,2006-12-01,India,1,127.0,126.0,False,10.0,120,9,4,69,05-07,6.3
717,South Africa,2007-02-02,Pakistan,2,127.0,132.0,True,0.0,69,14,6,33,05-07,11.4782608696
718,South Africa,2007-09-11,West Indies,2,205.0,208.0,True,3.0,106,24,6,53,05-07,11.7735849057
719,South Africa,2007-09-15,Bangladesh,2,144.0,146.0,True,3.0,113,15,4,43,05-07,7.75221238938
720,South Africa,2007-09-16,England,1,135.0,154.0,True,8.0,120,15,5,57,05-07,7.7
721,South Africa,2007-09-19,New Zealand,2,153.0,158.0,True,4.0,115,12,7,51,05-07,8.24347826087
722,South Africa,2007-09-20,India,2,153.0,116.0,False,9.0,120,9,1,77,05-07,5.8
723,South Africa,2007-11-23,New Zealand,2,129.0,131.0,True,7.0,119,10,4,56,05-07,6.60504201681
724,South Africa,2007-12-16,West Indies,1,60.0,58.0,False,7.0,78,2,2,57,05-07,4.46153846154
725,South Africa,2008-01-18,West Indies,2,131.0,134.0,True,6.0,116,10,4,59,08-10,6.93103448276
726,South Africa,2008-11-05,Bangladesh,1,109.0,118.0,True,7.0,84,10,2,33,08-10,8.42857142857
727,South Africa,2009-01-11,Australia,2,182.0,130.0,False,10.0,108,11,1,50,08-10,7.22222222222
728,South Africa,2009-01-13,Australia,1,161.0,157.0,False,5.0,120,10,4,39,08-10,7.85
729,South Africa,2009-03-27,Australia,2,166.0,168.0,True,6.0,116,18,3,49,08-10,8.68965517241
730,South Africa,2009-03-29,Australia,1,139.0,156.0,True,5.0,120,8,9,58,08-10,7.8
731,South Africa,2009-06-07,Scotland,1,81.0,211.0,True,5.0,120,20,9,36,08-10,10.55
732,South Africa,2009-06-09,New Zealand,1,127.0,128.0,True,7.0,120,9,3,49,08-10,6.4
733,South Africa,2009-06-11,England,2,111.0,114.0,True,3.0,110,9,2,47,08-10,6.21818181818
734,South Africa,2009-06-13,West Indies,1,163.0,183.0,True,6.0,120,24,3,43,08-10,9.15
735,South Africa,2009-06-16,India,1,118.0,130.0,True,4.0,120,13,0,47,08-10,6.5
736,South Africa,2009-06-18,Pakistan,2,149.0,142.0,False,5.0,120,12,2,51,08-10,7.1
737,South Africa,2009-11-13,England,2,202.0,127.0,False,3.0,78,10,9,34,08-10,9.76923076923
738,South Africa,2009-11-15,England,1,157.0,241.0,True,5.0,120,19,17,38,08-10,12.05
739,South Africa,2010-05-02,India,2,186.0,172.0,False,5.0,120,6,9,31,08-10,8.6
740,South Africa,2010-05-05,Afghanistan,1,80.0,139.0,True,7.0,120,7,7,51,08-10,6.95
741,South Africa,2010-05-06,New Zealand,1,157.0,170.0,True,4.0,120,5,11,37,08-10,8.5
742,South Africa,2010-05-08,England,2,168.0,129.0,False,10.0,114,5,4,54,08-10,6.78947368421
743,South Africa,2010-05-10,Pakistan,2,148.0,137.0,False,7.0,120,9,2,39,08-10,6.85
744,South Africa,2010-05-19,West Indies,1,123.0,136.0,True,6.0,120,5,4,54,08-10,6.8
745,South Africa,2010-05-20,West Indies,1,119.0,120.0,True,7.0,120,4,5,59,08-10,6.0
746,South Africa,2010-10-08,Zimbabwe,2,168.0,169.0,True,3.0,95,18,8,32,08-10,10.6736842105
747,South Africa,2010-10-10,Zimbabwe,1,186.0,194.0,True,6.0,120,22,6,43,08-10,9.7
748,South Africa,2010-10-26,Pakistan,2,119.0,120.0,True,4.0,110,15,2,56,08-10,6.54545454545
749,South Africa,2010-10-27,Pakistan,2,120.0,125.0,True,4.0,112,11,3,58,08-10,6.69642857143
750,South Africa,2011-01-09,India,2,168.0,147.0,False,9.0,120,9,7,56,11-13,7.35
751,South Africa,2011-10-13,Australia,1,147.0,146.0,False,7.0,120,13,4,57,11-13,7.3
752,South Africa,2011-10-16,Australia,2,147.0,148.0,True,7.0,115,13,5,57,11-13,7.72173913043
753,South Africa,2012-02-17,New Zealand,1,148.0,147.0,False,6.0,120,8,7,46,11-13,7.35
754,South Africa,2012-02-19,New Zealand,2,173.0,174.0,True,2.0,96,10,13,38,11-13,10.875
755,South Africa,2012-02-22,New Zealand,1,162.0,165.0,True,7.0,120,13,7,43,11-13,8.25
756,South Africa,2012-03-30,India,1,71.0,219.0,True,4.0,120,22,9,29,11-13,10.95
757,South Africa,2012-09-08,England,2,118.0,119.0,True,3.0,114,15,0,52,11-13,6.26315789474
758,South Africa,2012-09-12,England,2,118.0,90.0,False,5.0,66,7,2,31,11-13,8.18181818182
759,South Africa,2012-09-20,Zimbabwe,2,93.0,94.0,True,0.0,76,9,0,31,11-13,7.42105263158
760,South Africa,2012-09-22,Sri Lanka,1,46.0,78.0,True,3.0,42,5,3,12,11-13,11.1428571429
761,South Africa,2012-09-28,Pakistan,1,136.0,133.0,False,6.0,120,9,4,48,11-13,6.65
762,South Africa,2012-09-30,Australia,1,147.0,146.0,False,5.0,120,14,2,47,11-13,7.3
763,South Africa,2012-10-02,India,2,152.0,151.0,False,10.0,119,11,5,48,11-13,7.61344537815
764,South Africa,2012-12-21,New Zealand,2,86.0,87.0,True,2.0,73,14,1,38,11-13,7.15068493151
765,South Africa,2012-12-23,New Zealand,1,169.0,165.0,False,5.0,114,18,4,43,11-13,8.68421052632
766,South Africa,2012-12-26,New Zealand,1,146.0,179.0,True,6.0,120,14,6,41,11-13,8.95
767,South Africa,2013-03-03,Pakistan,2,195.0,100.0,False,10.0,74,7,5,41,11-13,8.10810810811
768,South Africa,2013-08-02,Sri Lanka,1,103.0,115.0,True,6.0,120,7,2,51,11-13,5.75
769,South Africa,2013-08-04,Sri Lanka,1,123.0,145.0,True,5.0,120,9,3,50,11-13,7.25
770,South Africa,2013-08-06,Sri Lanka,1,164.0,163.0,False,3.0,120,16,5,53,11-13,8.15
771,South Africa,2013-11-13,Pakistan,2,98.0,99.0,True,1.0,87,9,3,38,11-13,6.8275862069
772,South Africa,2013-11-15,Pakistan,1,144.0,150.0,True,5.0,120,11,5,47,11-13,7.5
773,South Africa,2013-11-20,Pakistan,1,60.0,153.0,True,8.0,120,20,1,49,11-13,7.65
774,South Africa,2013-11-22,Pakistan,2,176.0,170.0,False,4.0,120,15,3,31,11-13,8.5
775,South Africa,2014-03-12,Australia,1,81.0,80.0,False,1.0,42,5,6,20,14-16,11.4285714286
776,South Africa,2014-03-14,Australia,1,129.0,128.0,False,6.0,120,6,6,60,14-16,6.4
777,South Africa,2014-03-22,Sri Lanka,2,165.0,160.0,False,8.0,120,13,6,47,14-16,8.0
778,South Africa,2014-03-24,New Zealand,1,168.0,170.0,True,6.0,120,16,4,37,14-16,8.5
779,South Africa,2014-03-27,Netherlands,1,139.0,145.0,True,9.0,120,13,2,47,14-16,7.25
780,South Africa,2014-03-29,England,1,193.0,196.0,True,5.0,120,19,6,47,14-16,9.8
781,South Africa,2014-04-04,India,1,176.0,172.0,False,4.0,120,14,6,43,14-16,8.6
782,South Africa,2014-11-05,Australia,2,144.0,145.0,True,3.0,114,12,4,46,14-16,7.63157894737
783,South Africa,2014-11-07,Australia,1,102.0,101.0,False,7.0,120,9,1,59,14-16,5.05
784,South Africa,2014-11-09,Australia,1,146.0,145.0,False,6.0,120,13,2,40,14-16,7.25
785,South Africa,2015-01-09,West Indies,1,168.0,165.0,False,4.0,120,14,4,43,14-16,8.25
786,South Africa,2015-01-11,West Indies,1,236.0,231.0,False,7.0,120,18,12,41,14-16,11.55
787,South Africa,2015-01-14,West Indies,1,126.0,195.0,True,3.0,120,16,9,44,14-16,9.75
788,South Africa,2015-07-05,Bangladesh,1,96.0,148.0,True,2.0,120,11,3,41,14-16,7.4
789,South Africa,2015-07-07,Bangladesh,1,138.0,169.0,True,4.0,120,15,5,49,14-16,8.45
790,South Africa,2015-08-14,New Zealand,2,151.0,152.0,True,4.0,107,16,4,40,14-16,8.52336448598
791,South Africa,2015-08-16,New Zealand,2,177.0,145.0,False,8.0,120,14,3,47,14-16,7.25
792,South Africa,2015-10-02,India,2,199.0,200.0,True,4.0,118,17,9,40,14-16,10.1694915254
793,South Africa,2015-10-05,India,2,92.0,96.0,True,4.0,103,7,2,53,14-16,5.59223300971
794,South Africa,2016-02-19 00:00:00,England,2,134.0,135.0,True,7.0,120,8,3,44,14-16,6.75
795,South Africa,2016-02-21 00:00:00,England,2,171.0,172.0,True,1.0,88,16,9,29,14-16,11.7272727273
796,South Africa,2016-03-04 00:00:00,Australia,2,157.0,158.0,True,7.0,116,12,5,44,14-16,8.1724137931
797,South Africa,2016-03-06 00:00:00,Australia,1,205.0,204.0,False,7.0,120,17,11,43,14-16,10.2
798,Sri Lanka,2006-06-15,England,1,161.0,163.0,True,8.0,120,12,4,55,05-07,8.15
799,Sri Lanka,2006-12-22,New Zealand,2,162.0,62.0,False,1.0,35,10,1,15,05-07,10.6285714286
800,Sri Lanka,2006-12-26,New Zealand,1,116.0,115.0,False,9.0,109,10,3,63,05-07,6.33027522936
801,Sri Lanka,2007-09-14,Kenya,1,88.0,260.0,True,4.0,120,30,11,37,05-07,13.0
802,Sri Lanka,2007-09-15,New Zealand,2,164.0,168.0,True,3.0,113,14,6,47,05-07,8.9203539823
803,Sri Lanka,2007-09-17,Pakistan,2,189.0,156.0,False,9.0,120,9,7,59,05-07,7.8
804,Sri Lanka,2007-09-18,Bangladesh,1,83.0,147.0,True,4.0,120,10,2,45,05-07,7.35
805,Sri Lanka,2007-09-20,Australia,1,102.0,101.0,False,10.0,117,8,1,56,05-07,5.17948717949
806,Sri Lanka,2008-10-10,Zimbabwe,2,106.0,108.0,True,5.0,96,6,3,47,08-10,6.75
807,Sri Lanka,2008-10-11,Pakistan,1,141.0,137.0,False,9.0,120,13,1,53,08-10,6.85
808,Sri Lanka,2008-10-12,Canada,1,138.0,153.0,True,6.0,120,11,5,54,08-10,7.65
809,Sri Lanka,2008-10-13,Pakistan,2,132.0,133.0,True,5.0,114,10,3,60,08-10,7.0
810,Sri Lanka,2009-02-10,India,1,174.0,171.0,False,4.0,120,17,4,51,08-10,8.55
811,Sri Lanka,2009-06-08,Australia,2,159.0,160.0,True,4.0,115,16,4,51,08-10,8.34782608696
812,Sri Lanka,2009-06-10,West Indies,1,177.0,192.0,True,5.0,120,23,4,46,08-10,9.6
813,Sri Lanka,2009-06-12,Pakistan,1,131.0,150.0,True,6.0,120,15,1,59,08-10,7.5
814,Sri Lanka,2009-06-14,Ireland,1,135.0,144.0,True,7.0,120,17,1,57,08-10,7.2
815,Sri Lanka,2009-06-16,New Zealand,1,110.0,158.0,True,5.0,120,17,1,42,08-10,7.9
816,Sri Lanka,2009-06-19,West Indies,1,101.0,158.0,True,5.0,120,19,3,52,08-10,7.9
817,Sri Lanka,2009-06-21,Pakistan,1,139.0,138.0,False,6.0,120,14,2,52,08-10,6.9
818,Sri Lanka,2009-08-12,Pakistan,2,172.0,120.0,False,10.0,109,6,4,50,08-10,6.60550458716
819,Sri Lanka,2009-09-02,New Zealand,2,141.0,138.0,False,9.0,120,12,2,48,08-10,6.9
820,Sri Lanka,2009-09-04,New Zealand,2,170.0,148.0,False,8.0,120,14,1,43,08-10,7.4
821,Sri Lanka,2009-12-09,India,1,186.0,215.0,True,5.0,120,29,5,37,08-10,10.75
822,Sri Lanka,2009-12-12,India,1,211.0,206.0,False,6.0,120,18,7,53,08-10,10.3
823,Sri Lanka,2010-04-30,New Zealand,1,139.0,135.0,False,4.0,120,9,4,47,08-10,6.75
824,Sri Lanka,2010-05-03,Zimbabwe,1,29.0,173.0,True,7.0,120,11,9,54,08-10,8.65
825,Sri Lanka,2010-05-07,West Indies,1,138.0,195.0,True,3.0,120,17,7,41,08-10,9.75
826,Sri Lanka,2010-05-09,Australia,2,168.0,87.0,False,10.0,98,6,2,55,08-10,5.32653061224
827,Sri Lanka,2010-05-11,India,2,163.0,167.0,True,5.0,120,13,8,45,08-10,8.35
828,Sri Lanka,2010-05-13,England,1,132.0,128.0,False,6.0,120,10,1,58,08-10,6.4
829,Sri Lanka,2010-05-22,New Zealand,2,120.0,92.0,False,10.0,118,5,1,67,08-10,4.67796610169
830,Sri Lanka,2010-05-23,New Zealand,2,81.0,82.0,True,3.0,94,6,2,47,08-10,5.23404255319
831,Sri Lanka,2010-10-31,Australia,2,133.0,135.0,True,3.0,99,18,2,47,08-10,8.18181818182
832,Sri Lanka,2011-06-25,England,2,136.0,137.0,True,1.0,104,14,1,46,11-13,7.90384615385
833,Sri Lanka,2011-08-06,Australia,1,163.0,198.0,True,3.0,120,24,5,45,11-13,9.9
834,Sri Lanka,2011-08-08,Australia,1,149.0,157.0,True,7.0,120,17,2,47,11-13,7.85
835,Sri Lanka,2011-11-25,Pakistan,1,142.0,141.0,False,8.0,117,12,0,47,11-13,7.23076923077
836,Sri Lanka,2012-06-01,Pakistan,1,95.0,132.0,True,6.0,120,12,2,59,11-13,6.6
837,Sri Lanka,2012-06-03,Pakistan,2,122.0,99.0,False,10.0,116,9,1,74,11-13,5.12068965517
838,Sri Lanka,2012-08-07,India,2,155.0,116.0,False,10.0,108,12,0,61,11-13,6.44444444444
839,Sri Lanka,2012-09-18,Zimbabwe,1,100.0,182.0,True,4.0,120,15,3,45,11-13,9.1
840,Sri Lanka,2012-09-22,South Africa,2,78.0,46.0,False,5.0,42,4,0,18,11-13,6.57142857143
841,Sri Lanka,2012-09-27,New Zealand,2,174.0,174.0,False,6.0,120,15,6,31,11-13,8.7
842,Sri Lanka,2012-09-29,West Indies,2,129.0,130.0,True,1.0,92,18,1,48,11-13,8.47826086957
843,Sri Lanka,2012-10-01,England,1,150.0,169.0,True,4.0,120,13,7,56,11-13,8.45
844,Sri Lanka,2012-10-04,Pakistan,1,123.0,139.0,True,4.0,120,17,0,58,11-13,6.95
845,Sri Lanka,2012-10-07,West Indies,2,137.0,101.0,False,10.0,112,7,1,51,11-13,5.41071428571
846,Sri Lanka,2013-01-26,Australia,2,137.0,139.0,True,5.0,113,8,5,44,11-13,7.38053097345
847,Sri Lanka,2013-01-28,Australia,1,119.0,161.0,True,4.0,120,15,4,52,11-13,8.05
848,Sri Lanka,2013-03-31,Bangladesh,1,181.0,198.0,True,5.0,120,11,9,49,11-13,9.9
849,Sri Lanka,2013-08-02,South Africa,2,115.0,103.0,False,9.0,120,13,0,72,11-13,5.15
850,Sri Lanka,2013-08-04,South Africa,2,145.0,123.0,False,7.0,120,11,1,52,11-13,6.15
851,Sri Lanka,2013-08-06,South Africa,2,163.0,164.0,True,4.0,109,22,3,39,11-13,9.02752293578
852,Sri Lanka,2013-11-21,New Zealand,2,142.0,143.0,True,2.0,107,15,2,34,11-13,8.01869158879
853,Sri Lanka,2013-12-11,Pakistan,1,146.0,145.0,False,5.0,120,11,3,45,11-13,7.25
854,Sri Lanka,2013-12-13,Pakistan,1,187.0,211.0,True,3.0,120,19,8,41,11-13,10.55
855,Sri Lanka,2014-02-12,Bangladesh,1,166.0,168.0,True,6.0,120,11,4,37,14-16,8.4
856,Sri Lanka,2014-02-14,Bangladesh,2,120.0,123.0,True,7.0,120,8,2,48,14-16,6.15
857,Sri Lanka,2014-03-22,South Africa,1,160.0,165.0,True,7.0,120,14,4,46,14-16,8.25
858,Sri Lanka,2014-03-24,Netherlands,2,39.0,40.0,True,1.0,30,5,1,18,14-16,8.0
859,Sri Lanka,2014-03-27,England,1,190.0,189.0,False,4.0,120,17,7,48,14-16,9.45
860,Sri Lanka,2014-03-31,New Zealand,1,60.0,119.0,True,9.0,116,13,2,61,14-16,6.15517241379
861,Sri Lanka,2014-04-03,West Indies,1,80.0,160.0,True,6.0,120,10,7,44,14-16,8.0
862,Sri Lanka,2014-04-06,India,2,130.0,134.0,True,4.0,107,16,4,54,14-16,7.51401869159
863,Sri Lanka,2014-05-20,England,1,174.0,183.0,True,7.0,120,22,6,42,14-16,9.15
864,Sri Lanka,2015-07-30,Pakistan,2,175.0,146.0,False,7.0,120,8,5,46,14-16,7.3
865,Sri Lanka,2015-08-01,Pakistan,1,174.0,172.0,False,7.0,120,13,7,48,14-16,8.6
866,Sri Lanka,2015-11-09,West Indies,1,185.0,215.0,True,3.0,120,22,9,35,14-16,10.75
867,Sri Lanka,2015-11-11,West Indies,2,162.0,139.0,False,10.0,120,11,2,48,14-16,6.95
868,Sri Lanka,2016-01-07 00:00:00,New Zealand,2,182.0,179.0,False,9.0,120,13,6,42,14-16,8.95
869,Sri Lanka,2016-01-10 00:00:00,New Zealand,1,147.0,142.0,False,7.0,120,13,4,51,14-16,7.1
870,Sri Lanka,2016-02-09 00:00:00,India,2,101.0,105.0,True,5.0,108,8,4,61,14-16,5.83333333333
871,Sri Lanka,2016-02-12 00:00:00,India,2,196.0,127.0,False,9.0,120,6,5,48,14-16,6.35
872,Sri Lanka,2016-02-14 00:00:00,India,1,84.0,82.0,False,10.0,108,8,2,72,14-16,4.55555555556
873,Sri Lanka,2016-02-25 00:00:00,United Arab Emirates,1,115.0,129.0,True,8.0,120,14,1,55,14-16,6.45
874,Sri Lanka,2016-02-28 00:00:00,Bangladesh,2,147.0,124.0,False,8.0,120,7,4,51,14-16,6.2
875,Sri Lanka,2016-03-01 00:00:00,India,1,142.0,138.0,False,10.0,120,14,2,55,14-16,6.9
876,Sri Lanka,2016-03-04 00:00:00,Pakistan,1,151.0,150.0,False,4.0,120,17,2,50,14-16,7.5
877,United Arab Emirates,2014-03-17,Netherlands,1,152.0,151.0,False,10.0,119,14,2,52,14-16,7.61344537815
878,United Arab Emirates,2014-03-19,Ireland,1,98.0,123.0,True,5.0,120,9,2,62,14-16,6.15
879,United Arab Emirates,2014-03-21,Zimbabwe,1,118.0,116.0,False,9.0,120,11,3,63,14-16,5.8
880,United Arab Emirates,2015-07-09,Scotland,1,110.0,109.0,False,10.0,109,7,4,57,14-16,6.0
881,United Arab Emirates,2015-07-10,Afghanistan,1,168.0,164.0,False,6.0,120,14,8,49,14-16,8.2
882,United Arab Emirates,2015-07-12,Netherlands,1,125.0,119.0,False,7.0,120,12,1,58,14-16,5.95
883,United Arab Emirates,2015-11-22,Oman,2,133.0,134.0,True,3.0,110,11,5,48,14-16,7.30909090909
884,United Arab Emirates,2016-02-03 00:00:00,Netherlands,2,157.0,73.0,False,10.0,100,5,4,72,14-16,4.38
885,United Arab Emirates,2016-02-04 00:00:00,Scotland,1,139.0,148.0,True,8.0,120,11,6,57,14-16,7.4
886,United Arab Emirates,2016-02-14 00:00:00,Ireland,2,134.0,100.0,False,10.0,116,6,4,73,14-16,5.1724137931
887,United Arab Emirates,2016-02-16 00:00:00,Ireland,1,128.0,133.0,True,7.0,120,6,6,57,14-16,6.65
888,United Arab Emirates,2016-02-19 00:00:00,Afghanistan,1,160.0,176.0,True,4.0,120,14,7,40,14-16,8.8
889,United Arab Emirates,2016-02-21 00:00:00,Hong Kong,2,146.0,147.0,True,4.0,111,14,4,44,14-16,7.94594594595
890,United Arab Emirates,2016-02-22 00:00:00,Oman,1,101.0,172.0,True,6.0,120,20,4,53,14-16,8.6
891,United Arab Emirates,2016-02-25 00:00:00,Sri Lanka,2,129.0,115.0,False,9.0,120,7,2,76,14-16,5.75
892,United Arab Emirates,2016-02-26 00:00:00,Bangladesh,2,133.0,82.0,False,10.0,106,7,4,74,14-16,4.64150943396
893,United Arab Emirates,2016-02-29 00:00:00,Pakistan,1,131.0,129.0,False,6.0,120,13,6,78,14-16,6.45
894,United Arab Emirates,2016-03-03 00:00:00,India,1,82.0,81.0,False,9.0,120,6,1,82,14-16,4.05
895,West Indies,2006-02-16,New Zealand,1,126.0,126.0,False,7.0,120,13,1,57,05-07,6.3
896,West Indies,2007-06-28,England,1,193.0,208.0,True,7.0,120,20,8,50,05-07,10.4
897,West Indies,2007-06-29,England,1,173.0,169.0,False,7.0,120,15,5,50,05-07,8.45
898,West Indies,2007-09-11,South Africa,1,208.0,205.0,False,6.0,120,12,12,51,05-07,10.25
899,West Indies,2007-09-13,Bangladesh,1,165.0,164.0,False,8.0,120,12,8,55,05-07,8.2
900,West Indies,2007-12-16,South Africa,2,58.0,60.0,True,5.0,59,7,2,34,05-07,6.10169491525
901,West Indies,2008-01-18,South Africa,1,134.0,131.0,False,6.0,120,8,5,76,08-10,6.55
902,West Indies,2008-06-20,Australia,2,97.0,102.0,True,3.0,55,7,6,23,08-10,11.1272727273
903,West Indies,2008-12-26,New Zealand,2,155.0,155.0,False,8.0,120,13,7,54,08-10,7.75
904,West Indies,2008-12-28,New Zealand,2,191.0,155.0,False,7.0,120,15,5,48,08-10,7.75
905,West Indies,2009-03-15,England,2,121.0,123.0,True,4.0,108,11,2,60,08-10,6.83333333333
906,West Indies,2009-06-06,Australia,2,169.0,172.0,True,3.0,95,15,7,38,08-10,10.8631578947
907,West Indies,2009-06-10,Sri Lanka,2,192.0,177.0,False,5.0,120,15,3,52,08-10,8.85
908,West Indies,2009-06-12,India,2,153.0,156.0,True,3.0,112,16,3,40,08-10,8.35714285714
909,West Indies,2009-06-13,South Africa,2,183.0,163.0,False,9.0,120,19,1,48,08-10,8.15
910,West Indies,2009-06-15,England,2,161.0,82.0,False,5.0,50,8,2,17,08-10,9.84
911,West Indies,2009-06-19,Sri Lanka,2,158.0,101.0,False,10.0,106,10,2,69,08-10,5.71698113208
912,West Indies,2009-08-02,Bangladesh,2,118.0,119.0,True,5.0,101,11,4,55,08-10,7.06930693069
913,West Indies,2010-02-21,Australia,2,179.0,141.0,False,8.0,120,16,0,46,08-10,7.05
914,West Indies,2010-02-23,Australia,1,142.0,138.0,False,7.0,120,9,3,54,08-10,6.9
915,West Indies,2010-02-28,Zimbabwe,2,105.0,79.0,False,7.0,120,3,1,77,08-10,3.95
916,West Indies,2010-04-30,Ireland,1,68.0,138.0,True,9.0,120,7,4,51,08-10,6.9
917,West Indies,2010-05-03,England,2,191.0,60.0,False,2.0,35,3,3,16,08-10,10.2857142857
918,West Indies,2010-05-07,Sri Lanka,2,195.0,138.0,False,8.0,120,14,1,61,08-10,6.9
919,West Indies,2010-05-09,India,1,155.0,169.0,True,3.0,120,10,10,50,08-10,8.45
920,West Indies,2010-05-11,Australia,1,109.0,105.0,False,9.0,114,8,2,64,08-10,5.52631578947
921,West Indies,2010-05-19,South Africa,2,136.0,123.0,False,13.0,119,9,2,71,08-10,6.20168067227
922,West Indies,2010-05-20,South Africa,2,120.0,119.0,False,7.0,120,7,3,65,08-10,5.95
923,West Indies,2011-04-21,Pakistan,1,143.0,150.0,True,7.0,120,13,6,56,11-13,7.5
924,West Indies,2011-06-04,India,2,159.0,143.0,False,5.0,120,12,5,58,11-13,7.15
925,West Indies,2011-09-23,England,1,128.0,125.0,False,11.0,118,9,5,62,11-13,6.35593220339
926,West Indies,2011-09-25,England,1,88.0,113.0,True,5.0,120,7,2,58,11-13,5.65
927,West Indies,2011-10-11,Bangladesh,1,135.0,132.0,False,8.0,120,7,6,60,11-13,6.6
928,West Indies,2012-03-27,Australia,1,153.0,150.0,False,7.0,120,14,5,47,11-13,7.5
929,West Indies,2012-03-30,Australia,1,146.0,160.0,True,8.0,118,14,5,52,11-13,8.13559322034
930,West Indies,2012-06-24,England,1,173.0,172.0,False,4.0,120,9,10,54,11-13,8.6
931,West Indies,2012-06-30,New Zealand,1,153.0,209.0,True,2.0,120,16,12,60,11-13,10.45
932,West Indies,2012-07-01,New Zealand,1,116.0,177.0,True,5.0,120,9,13,51,11-13,8.85
933,West Indies,2012-09-22,Australia,1,100.0,191.0,True,8.0,120,15,11,51,11-13,9.55
934,West Indies,2012-09-27,England,1,164.0,179.0,True,5.0,120,20,7,56,11-13,8.95
935,West Indies,2012-09-29,Sri Lanka,1,130.0,129.0,False,5.0,120,10,5,58,11-13,6.45
936,West Indies,2012-10-01,New Zealand,1,139.0,139.0,False,9.0,117,11,5,57,11-13,7.12820512821
937,West Indies,2012-10-05,Australia,1,131.0,205.0,True,3.0,120,13,14,52,11-13,10.25
938,West Indies,2012-10-07,Sri Lanka,1,101.0,137.0,True,6.0,120,6,7,54,11-13,6.85
939,West Indies,2012-12-10,Bangladesh,1,179.0,197.0,True,4.0,120,14,14,50,11-13,9.85
940,West Indies,2013-02-13,Australia,1,164.0,191.0,True,5.0,120,17,5,39,11-13,9.55
941,West Indies,2013-03-02,Zimbabwe,2,130.0,131.0,True,2.0,97,10,7,42,11-13,8.10309278351
942,West Indies,2013-03-03,Zimbabwe,1,117.0,158.0,True,7.0,120,9,7,50,11-13,7.9
943,West Indies,2013-07-27,Pakistan,1,158.0,152.0,False,6.0,120,13,7,60,11-13,7.6
944,West Indies,2013-07-28,Pakistan,2,135.0,124.0,False,9.0,120,9,6,68,11-13,6.2
945,West Indies,2014-01-11,New Zealand,2,189.0,108.0,False,8.0,120,7,2,66,14-16,5.4
946,West Indies,2014-01-15,New Zealand,1,163.0,159.0,False,3.0,120,13,6,52,14-16,7.95
947,West Indies,2014-02-19,Ireland,1,117.0,117.0,False,8.0,120,10,4,68,14-16,5.85
948,West Indies,2014-02-21,Ireland,1,85.0,96.0,True,8.0,120,4,2,58,14-16,4.8
949,West Indies,2014-03-09,England,1,143.0,170.0,True,3.0,120,22,5,51,14-16,8.5
950,West Indies,2014-03-11,England,2,152.0,155.0,True,5.0,113,10,11,49,14-16,8.23008849558
951,West Indies,2014-03-13,England,2,165.0,160.0,False,7.0,120,19,4,54,14-16,8.0
952,West Indies,2014-03-23,India,1,130.0,129.0,False,6.0,120,9,6,79,14-16,6.45
953,West Indies,2014-03-25,Bangladesh,1,98.0,171.0,True,6.0,120,17,5,54,14-16,8.55
954,West Indies,2014-03-28,Australia,2,178.0,179.0,True,4.0,118,18,7,52,14-16,9.10169491525
955,West Indies,2014-04-01,Pakistan,1,82.0,166.0,True,6.0,120,13,9,64,14-16,8.3
956,West Indies,2014-04-03,Sri Lanka,2,160.0,80.0,False,4.0,83,5,2,46,14-16,5.78313253012
957,West Indies,2014-07-05,New Zealand,1,117.0,132.0,True,8.0,108,3,8,57,14-16,7.33333333333
958,West Indies,2014-07-06,New Zealand,1,126.0,165.0,True,6.0,120,14,7,48,14-16,8.25
959,West Indies,2015-01-09,South Africa,2,165.0,168.0,True,6.0,116,15,9,49,14-16,8.68965517241
960,West Indies,2015-01-11,South Africa,2,231.0,236.0,True,6.0,116,26,12,43,14-16,12.2068965517
961,West Indies,2015-01-14,South Africa,2,195.0,126.0,False,10.0,114,8,3,51,14-16,6.63157894737
962,West Indies,2015-11-09,Sri Lanka,2,215.0,185.0,False,10.0,119,11,13,56,14-16,9.32773109244
963,West Indies,2015-11-11,Sri Lanka,1,139.0,162.0,True,5.0,120,7,7,49,14-16,8.1
964,Zimbabwe,2007-09-12,Australia,2,138.0,139.0,True,5.0,119,14,2,52,05-07,7.00840336134
965,Zimbabwe,2007-09-13,England,2,188.0,138.0,False,7.0,120,11,3,48,05-07,6.9
966,Zimbabwe,2008-10-10,Sri Lanka,1,108.0,106.0,False,8.0,102,9,3,56,08-10,6.23529411765
967,Zimbabwe,2008-10-11,Canada,2,135.0,135.0,False,9.0,120,9,2,55,08-10,6.75
968,Zimbabwe,2008-10-12,Pakistan,1,110.0,109.0,False,8.0,120,9,3,85,08-10,5.45
969,Zimbabwe,2008-10-13,Canada,1,75.0,184.0,True,5.0,120,19,6,51,08-10,9.2
970,Zimbabwe,2010-02-28,West Indies,1,79.0,105.0,True,10.0,119,5,3,72,08-10,5.29411764706
971,Zimbabwe,2010-05-03,Sri Lanka,2,173.0,29.0,False,1.0,30,0,0,7,08-10,5.8
972,Zimbabwe,2010-05-04,New Zealand,1,36.0,84.0,True,10.0,91,6,0,46,08-10,5.53846153846
973,Zimbabwe,2010-06-12,India,1,112.0,111.0,False,9.0,120,9,2,59,08-10,5.55
974,Zimbabwe,2010-06-13,India,1,144.0,140.0,False,5.0,120,11,4,53,08-10,7.0
975,Zimbabwe,2010-10-08,South Africa,1,169.0,168.0,False,4.0,120,16,6,54,08-10,8.4
976,Zimbabwe,2010-10-10,South Africa,2,194.0,186.0,False,7.0,120,15,8,40,08-10,9.3
977,Zimbabwe,2011-09-16,Pakistan,2,198.0,113.0,False,10.0,92,8,2,39,11-13,7.36956521739
978,Zimbabwe,2011-09-18,Pakistan,2,141.0,136.0,False,7.0,120,14,3,66,11-13,6.8
979,Zimbabwe,2011-10-15,New Zealand,1,127.0,123.0,False,8.0,120,10,2,56,11-13,6.15
980,Zimbabwe,2011-10-17,New Zealand,2,187.0,154.0,False,10.0,101,14,7,41,11-13,9.14851485149
981,Zimbabwe,2012-02-11,New Zealand,1,160.0,159.0,False,7.0,120,11,7,40,11-13,7.95
982,Zimbabwe,2012-02-14,New Zealand,1,202.0,200.0,False,2.0,120,16,10,33,11-13,10.0
983,Zimbabwe,2012-09-18,Sri Lanka,2,182.0,100.0,False,10.0,105,7,2,68,11-13,5.71428571429
984,Zimbabwe,2012-09-20,South Africa,1,94.0,93.0,False,8.0,120,6,0,70,11-13,4.65
985,Zimbabwe,2013-03-02,West Indies,1,131.0,130.0,False,8.0,120,14,3,61,11-13,6.5
986,Zimbabwe,2013-03-03,West Indies,2,158.0,117.0,False,6.0,120,11,0,54,11-13,5.85
987,Zimbabwe,2013-05-11,Bangladesh,1,162.0,168.0,True,5.0,120,15,3,45,11-13,8.4
988,Zimbabwe,2013-05-12,Bangladesh,2,168.0,134.0,False,9.0,120,9,3,55,11-13,6.7
989,Zimbabwe,2013-08-23,Pakistan,2,161.0,136.0,False,5.0,120,13,1,60,11-13,6.8
990,Zimbabwe,2013-08-24,Pakistan,2,179.0,160.0,False,6.0,120,13,5,54,11-13,8.0
991,Zimbabwe,2014-03-17,Ireland,1,164.0,163.0,False,5.0,120,13,6,43,14-16,8.15
992,Zimbabwe,2014-03-19,Netherlands,2,140.0,146.0,True,5.0,120,9,3,42,14-16,7.3
993,Zimbabwe,2014-03-21,United Arab Emirates,2,116.0,118.0,True,5.0,82,12,5,36,14-16,8.63414634146
994,Zimbabwe,2015-05-22,Pakistan,1,173.0,172.0,False,5.0,120,21,3,46,14-16,8.6
995,Zimbabwe,2015-05-24,Pakistan,1,176.0,175.0,False,2.0,120,13,6,41,14-16,8.75
996,Zimbabwe,2015-07-17,India,2,178.0,124.0,False,7.0,120,5,6,64,14-16,6.2
997,Zimbabwe,2015-07-19,India,1,135.0,145.0,True,5.0,120,13,1,54,14-16,7.25
998,Zimbabwe,2015-08-09,New Zealand,2,198.0,118.0,False,8.0,120,10,1,65,14-16,5.9
999,Zimbabwe,2015-09-27,Pakistan,2,136.0,123.0,False,9.0,120,11,1,54,14-16,6.15
1000,Zimbabwe,2015-09-29,Pakistan,2,136.0,121.0,False,7.0,120,6,3,52,14-16,6.05
1001,Zimbabwe,2015-10-26,Afghanistan,1,154.0,153.0,False,5.0,120,13,3,43,14-16,7.65
1002,Zimbabwe,2015-10-28,Afghanistan,1,191.0,190.0,False,6.0,120,17,6,42,14-16,9.5
1003,Zimbabwe,2015-11-13,Bangladesh,1,136.0,131.0,False,10.0,117,9,6,61,14-16,6.71794871795
1004,Zimbabwe,2015-11-15,Bangladesh,2,135.0,136.0,True,7.0,119,7,6,59,14-16,6.85714285714
1005,Zimbabwe,2016-01-08 00:00:00,Afghanistan,2,187.0,182.0,False,9.0,120,11,9,58,14-16,9.1
1006,Zimbabwe,2016-01-10 00:00:00,Afghanistan,2,215.0,134.0,False,10.0,109,6,7,48,14-16,7.37614678899
1007,Zimbabwe,2016-01-15 00:00:00,Bangladesh,1,166.0,163.0,False,7.0,120,15,5,44,14-16,8.15
1008,Zimbabwe,2016-01-17 00:00:00,Bangladesh,2,167.0,125.0,False,8.0,120,9,4,62,14-16,6.25
1009,Zimbabwe,2016-01-20 00:00:00,Bangladesh,1,156.0,187.0,True,6.0,120,17,9,43,14-16,9.35
1010,Zimbabwe,2016-01-22 00:00:00,Bangladesh,1,162.0,180.0,True,4.0,120,13,9,47,14-16,9.0
